"#","slug","name","category","prompt"
"001","vinyl-die-cut-stickers","Custom Vinyl Die-Cut Stickers","Stickers > Die-Cut Stickers > Vinyl Die-Cut","Professional e-commerce studio product photograph of: Custom Vinyl Die-Cut Stickers. Weatherproof vinyl stickers cut precisely to your artwork's outline. UV-laminated for 5+ years of outdoor durability, dishwasher and scratch safe. Product category: Stickers > Die-Cut Stickers > Vinyl Die-Cut. Show the product exactly as it would be sold — complete, undistorted, in a flattering three-quarter hero angle, centered with generous empty margin around it. Background: clean seamless very light warm-grey (#F2F2F0). Lighting: soft diffused studio light with a gentle natural contact shadow. Realistic materials, print quality and paper/fabric texture. Branding: the attached image is the Outprint logo (a blue wordmark with a small coral bar under the 'O'). Print this logo faithfully on the product — on a business card, the card front; on a box, the lid or side panel; on apparel, the chest; on a sticker, the sticker face; on a bag, the front; and so on — sized and placed the way a real branded product would carry it. The only readable text anywhere in the image is the brand name 'Outprint', spelled exactly O-u-t-p-r-i-n-t. Do not invent any other words, names, phone numbers, emails or lorem ipsum. Keep the design otherwise clean and minimal, using white or light neutral materials so the blue logo stands out. No people, no hands, no watermark, no border or frame, no extra props competing with the product. Square 1:1 composition."
"002","holographic-die-cut-stickers","Holographic Die-Cut Stickers","Stickers > Die-Cut Stickers > Holographic Die-Cut","Professional e-commerce studio product photograph of: Holographic Die-Cut Stickers. Prismatic rainbow-refraction stickers with a 100% opaque spot-white backing so colors stay vivid against any surface. Product category: Stickers > Die-Cut Stickers > Holographic Die-Cut. Show the product exactly as it would be sold — complete, undistorted, in a flattering three-quarter hero angle, centered with generous empty margin around it. Background: clean seamless very light warm-grey (#F2F2F0). Lighting: soft diffused studio light with a gentle natural contact shadow. Realistic materials, print quality and paper/fabric texture. Branding: the attached image is the Outprint logo (a blue wordmark with a small coral bar under the 'O'). Print this logo faithfully on the product — on a business card, the card front; on a box, the lid or side panel; on apparel, the chest; on a sticker, the sticker face; on a bag, the front; and so on — sized and placed the way a real branded product would carry it. The only readable text anywhere in the image is the brand name 'Outprint', spelled exactly O-u-t-p-r-i-n-t. Do not invent any other words, names, phone numbers, emails or lorem ipsum. Keep the design otherwise clean and minimal, using white or light neutral materials so the blue logo stands out. No people, no hands, no watermark, no border or frame, no extra props competing with the product. Square 1:1 composition."
"003","custom-sticker-sheets","Custom Sticker Sheets","Stickers > Sticker Sheets","Professional e-commerce studio product photograph of: Custom Sticker Sheets. Multiple designs kiss-cut onto a single sheet — perfect for sticker packs, product inserts, and con merch. Product category: Stickers > Sticker Sheets. Show the product exactly as it would be sold — complete, undistorted, in a flattering three-quarter hero angle, centered with generous empty margin around it. Background: clean seamless very light warm-grey (#F2F2F0). Lighting: soft diffused studio light with a gentle natural contact shadow. Realistic materials, print quality and paper/fabric texture. Branding: the attached image is the Outprint logo (a blue wordmark with a small coral bar under the 'O'). Print this logo faithfully on the product — on a business card, the card front; on a box, the lid or side panel; on apparel, the chest; on a sticker, the sticker face; on a bag, the front; and so on — sized and placed the way a real branded product would carry it. The only readable text anywhere in the image is the brand name 'Outprint', spelled exactly O-u-t-p-r-i-n-t. Do not invent any other words, names, phone numbers, emails or lorem ipsum. Keep the design otherwise clean and minimal, using white or light neutral materials so the blue logo stands out. No people, no hands, no watermark, no border or frame, no extra props competing with the product. Square 1:1 composition."
"004","matte-product-labels","Matte Product Labels","Labels > Product Labels","Professional e-commerce studio product photograph of: Matte Product Labels. Clean matte-finish labels for candles, cosmetics, and packaged goods. Available on rolls or sheets. Product category: Labels > Product Labels. Show the product exactly as it would be sold — complete, undistorted, in a flattering three-quarter hero angle, centered with generous empty margin around it. Background: clean seamless very light warm-grey (#F2F2F0). Lighting: soft diffused studio light with a gentle natural contact shadow. Realistic materials, print quality and paper/fabric texture. Branding: the attached image is the Outprint logo (a blue wordmark with a small coral bar under the 'O'). Print this logo faithfully on the product — on a business card, the card front; on a box, the lid or side panel; on apparel, the chest; on a sticker, the sticker face; on a bag, the front; and so on — sized and placed the way a real branded product would carry it. The only readable text anywhere in the image is the brand name 'Outprint', spelled exactly O-u-t-p-r-i-n-t. Do not invent any other words, names, phone numbers, emails or lorem ipsum. Keep the design otherwise clean and minimal, using white or light neutral materials so the blue logo stands out. No people, no hands, no watermark, no border or frame, no extra props competing with the product. Square 1:1 composition."
"005","weatherproof-vinyl-labels","Weatherproof Vinyl Labels","Labels > Product Labels > Weatherproof Labels","Professional e-commerce studio product photograph of: Weatherproof Vinyl Labels. Waterproof, UV-stable vinyl labels built for bottles, outdoor gear, and anything that lives outside a climate-controlled shelf. Product category: Labels > Product Labels > Weatherproof Labels. Show the product exactly as it would be sold — complete, undistorted, in a flattering three-quarter hero angle, centered with generous empty margin around it. Background: clean seamless very light warm-grey (#F2F2F0). Lighting: soft diffused studio light with a gentle natural contact shadow. Realistic materials, print quality and paper/fabric texture. Branding: the attached image is the Outprint logo (a blue wordmark with a small coral bar under the 'O'). Print this logo faithfully on the product — on a business card, the card front; on a box, the lid or side panel; on apparel, the chest; on a sticker, the sticker face; on a bag, the front; and so on — sized and placed the way a real branded product would carry it. The only readable text anywhere in the image is the brand name 'Outprint', spelled exactly O-u-t-p-r-i-n-t. Do not invent any other words, names, phone numbers, emails or lorem ipsum. Keep the design otherwise clean and minimal, using white or light neutral materials so the blue logo stands out. No people, no hands, no watermark, no border or frame, no extra props competing with the product. Square 1:1 composition."
"006","custom-packaging-labels","Custom Packaging Labels","Labels > Packaging Labels","Professional e-commerce studio product photograph of: Custom Packaging Labels. Branded closure and shipping labels sized for mailers, pouches and retail boxes. Product category: Labels > Packaging Labels. Show the product exactly as it would be sold — complete, undistorted, in a flattering three-quarter hero angle, centered with generous empty margin around it. Background: clean seamless very light warm-grey (#F2F2F0). Lighting: soft diffused studio light with a gentle natural contact shadow. Realistic materials, print quality and paper/fabric texture. Branding: the attached image is the Outprint logo (a blue wordmark with a small coral bar under the 'O'). Print this logo faithfully on the product — on a business card, the card front; on a box, the lid or side panel; on apparel, the chest; on a sticker, the sticker face; on a bag, the front; and so on — sized and placed the way a real branded product would carry it. The only readable text anywhere in the image is the brand name 'Outprint', spelled exactly O-u-t-p-r-i-n-t. Do not invent any other words, names, phone numbers, emails or lorem ipsum. Keep the design otherwise clean and minimal, using white or light neutral materials so the blue logo stands out. No people, no hands, no watermark, no border or frame, no extra props competing with the product. Square 1:1 composition."
"007","corrugated-mailer-boxes","Corrugated Mailer Boxes","Boxes & Packaging > Mailer Boxes > Corrugated Mailers","Professional e-commerce studio product photograph of: Corrugated Mailer Boxes. Custom-printed corrugated mailers with a tuck-lock closure — sturdy enough for e-commerce shipping, light enough to keep freight costs down. Product category: Boxes & Packaging > Mailer Boxes > Corrugated Mailers. Show the product exactly as it would be sold — complete, undistorted, in a flattering three-quarter hero angle, centered with generous empty margin around it. Background: clean seamless very light warm-grey (#F2F2F0). Lighting: soft diffused studio light with a gentle natural contact shadow. Realistic materials, print quality and paper/fabric texture. Branding: the attached image is the Outprint logo (a blue wordmark with a small coral bar under the 'O'). Print this logo faithfully on the product — on a business card, the card front; on a box, the lid or side panel; on apparel, the chest; on a sticker, the sticker face; on a bag, the front; and so on — sized and placed the way a real branded product would carry it. The only readable text anywhere in the image is the brand name 'Outprint', spelled exactly O-u-t-p-r-i-n-t. Do not invent any other words, names, phone numbers, emails or lorem ipsum. Keep the design otherwise clean and minimal, using white or light neutral materials so the blue logo stands out. No people, no hands, no watermark, no border or frame, no extra props competing with the product. Square 1:1 composition."
"008","kraft-mailer-boxes","Kraft Mailer Boxes","Boxes & Packaging > Mailer Boxes","Professional e-commerce studio product photograph of: Kraft Mailer Boxes. Uncoated kraft mailer boxes with a natural, eco-forward finish — ideal for brands leaning into minimal, recyclable packaging. Product category: Boxes & Packaging > Mailer Boxes. Show the product exactly as it would be sold — complete, undistorted, in a flattering three-quarter hero angle, centered with generous empty margin around it. Background: clean seamless very light warm-grey (#F2F2F0). Lighting: soft diffused studio light with a gentle natural contact shadow. Realistic materials, print quality and paper/fabric texture. Branding: the attached image is the Outprint logo (a blue wordmark with a small coral bar under the 'O'). Print this logo faithfully on the product — on a business card, the card front; on a box, the lid or side panel; on apparel, the chest; on a sticker, the sticker face; on a bag, the front; and so on — sized and placed the way a real branded product would carry it. The only readable text anywhere in the image is the brand name 'Outprint', spelled exactly O-u-t-p-r-i-n-t. Do not invent any other words, names, phone numbers, emails or lorem ipsum. Keep the design otherwise clean and minimal, using white or light neutral materials so the blue logo stands out. No people, no hands, no watermark, no border or frame, no extra props competing with the product. Square 1:1 composition."
"009","rigid-gift-boxes","Rigid Gift Boxes","Boxes & Packaging > Rigid Boxes","Professional e-commerce studio product photograph of: Rigid Gift Boxes. Two-piece rigid chipboard boxes with a magnetic or friction-fit lid — built for unboxing moments, not just shipping. Product category: Boxes & Packaging > Rigid Boxes. Show the product exactly as it would be sold — complete, undistorted, in a flattering three-quarter hero angle, centered with generous empty margin around it. Background: clean seamless very light warm-grey (#F2F2F0). Lighting: soft diffused studio light with a gentle natural contact shadow. Realistic materials, print quality and paper/fabric texture. Branding: the attached image is the Outprint logo (a blue wordmark with a small coral bar under the 'O'). Print this logo faithfully on the product — on a business card, the card front; on a box, the lid or side panel; on apparel, the chest; on a sticker, the sticker face; on a bag, the front; and so on — sized and placed the way a real branded product would carry it. The only readable text anywhere in the image is the brand name 'Outprint', spelled exactly O-u-t-p-r-i-n-t. Do not invent any other words, names, phone numbers, emails or lorem ipsum. Keep the design otherwise clean and minimal, using white or light neutral materials so the blue logo stands out. No people, no hands, no watermark, no border or frame, no extra props competing with the product. Square 1:1 composition."
"010","standard-matte-business-cards","Standard Matte Business Cards","Business Cards > Standard Cards","Professional e-commerce studio product photograph of: Standard Matte Business Cards. Everyday 14pt matte business cards — smudge-resistant, quick turnaround, and priced for ordering in volume. Product category: Business Cards > Standard Cards. Show the product exactly as it would be sold — complete, undistorted, in a flattering three-quarter hero angle, centered with generous empty margin around it. Background: clean seamless very light warm-grey (#F2F2F0). Lighting: soft diffused studio light with a gentle natural contact shadow. Realistic materials, print quality and paper/fabric texture. Branding: the attached image is the Outprint logo (a blue wordmark with a small coral bar under the 'O'). Print this logo faithfully on the product — on a business card, the card front; on a box, the lid or side panel; on apparel, the chest; on a sticker, the sticker face; on a bag, the front; and so on — sized and placed the way a real branded product would carry it. The only readable text anywhere in the image is the brand name 'Outprint', spelled exactly O-u-t-p-r-i-n-t. Do not invent any other words, names, phone numbers, emails or lorem ipsum. Keep the design otherwise clean and minimal, using white or light neutral materials so the blue logo stands out. No people, no hands, no watermark, no border or frame, no extra props competing with the product. Square 1:1 composition."
"011","premium-suede-business-cards","Premium Suede Business Cards","Business Cards > Premium Cards","Professional e-commerce studio product photograph of: Premium Suede Business Cards. 32pt ultra-thick cards laminated in a soft-touch suede finish, with a colored edge for a tactile first impression. Product category: Business Cards > Premium Cards. Show the product exactly as it would be sold — complete, undistorted, in a flattering three-quarter hero angle, centered with generous empty margin around it. Background: clean seamless very light warm-grey (#F2F2F0). Lighting: soft diffused studio light with a gentle natural contact shadow. Realistic materials, print quality and paper/fabric texture. Branding: the attached image is the Outprint logo (a blue wordmark with a small coral bar under the 'O'). Print this logo faithfully on the product — on a business card, the card front; on a box, the lid or side panel; on apparel, the chest; on a sticker, the sticker face; on a bag, the front; and so on — sized and placed the way a real branded product would carry it. The only readable text anywhere in the image is the brand name 'Outprint', spelled exactly O-u-t-p-r-i-n-t. Do not invent any other words, names, phone numbers, emails or lorem ipsum. Keep the design otherwise clean and minimal, using white or light neutral materials so the blue logo stands out. No people, no hands, no watermark, no border or frame, no extra props competing with the product. Square 1:1 composition."
"012","letterpress-cotton-business-cards","Letterpress Cotton Business Cards","Business Cards > Premium Cards > Letterpress Cards","Professional e-commerce studio product photograph of: Letterpress Cotton Business Cards. 600gsm cotton stock, deep-impression letterpress or blind deboss — the same archival cotton used for our stationery line. Product category: Business Cards > Premium Cards > Letterpress Cards. Show the product exactly as it would be sold — complete, undistorted, in a flattering three-quarter hero angle, centered with generous empty margin around it. Background: clean seamless very light warm-grey (#F2F2F0). Lighting: soft diffused studio light with a gentle natural contact shadow. Realistic materials, print quality and paper/fabric texture. Branding: the attached image is the Outprint logo (a blue wordmark with a small coral bar under the 'O'). Print this logo faithfully on the product — on a business card, the card front; on a box, the lid or side panel; on apparel, the chest; on a sticker, the sticker face; on a bag, the front; and so on — sized and placed the way a real branded product would carry it. The only readable text anywhere in the image is the brand name 'Outprint', spelled exactly O-u-t-p-r-i-n-t. Do not invent any other words, names, phone numbers, emails or lorem ipsum. Keep the design otherwise clean and minimal, using white or light neutral materials so the blue logo stands out. No people, no hands, no watermark, no border or frame, no extra props competing with the product. Square 1:1 composition."
"013","vinyl-outdoor-banners","Vinyl Outdoor Banners","Banners & Signage > Vinyl Banners","Professional e-commerce studio product photograph of: Vinyl Outdoor Banners. 13oz scrim vinyl banners with reinforced hems and brass grommets — built for storefronts, events, and job sites. Product category: Banners & Signage > Vinyl Banners. Show the product exactly as it would be sold — complete, undistorted, in a flattering three-quarter hero angle, centered with generous empty margin around it. Background: clean seamless very light warm-grey (#F2F2F0). Lighting: soft diffused studio light with a gentle natural contact shadow. Realistic materials, print quality and paper/fabric texture. Branding: the attached image is the Outprint logo (a blue wordmark with a small coral bar under the 'O'). Print this logo faithfully on the product — on a business card, the card front; on a box, the lid or side panel; on apparel, the chest; on a sticker, the sticker face; on a bag, the front; and so on — sized and placed the way a real branded product would carry it. The only readable text anywhere in the image is the brand name 'Outprint', spelled exactly O-u-t-p-r-i-n-t. Do not invent any other words, names, phone numbers, emails or lorem ipsum. Keep the design otherwise clean and minimal, using white or light neutral materials so the blue logo stands out. No people, no hands, no watermark, no border or frame, no extra props competing with the product. Square 1:1 composition."
"014","mesh-windproof-banners","Mesh Windproof Banners","Banners & Signage > Mesh Banners","Professional e-commerce studio product photograph of: Mesh Windproof Banners. Perforated mesh vinyl lets wind pass through instead of catching your banner — the standard for fence lines and high-wind sites. Product category: Banners & Signage > Mesh Banners. Show the product exactly as it would be sold — complete, undistorted, in a flattering three-quarter hero angle, centered with generous empty margin around it. Background: clean seamless very light warm-grey (#F2F2F0). Lighting: soft diffused studio light with a gentle natural contact shadow. Realistic materials, print quality and paper/fabric texture. Branding: the attached image is the Outprint logo (a blue wordmark with a small coral bar under the 'O'). Print this logo faithfully on the product — on a business card, the card front; on a box, the lid or side panel; on apparel, the chest; on a sticker, the sticker face; on a bag, the front; and so on — sized and placed the way a real branded product would carry it. The only readable text anywhere in the image is the brand name 'Outprint', spelled exactly O-u-t-p-r-i-n-t. Do not invent any other words, names, phone numbers, emails or lorem ipsum. Keep the design otherwise clean and minimal, using white or light neutral materials so the blue logo stands out. No people, no hands, no watermark, no border or frame, no extra props competing with the product. Square 1:1 composition."
"015","retractable-banner-stands","Retractable Banner Stands","Banners & Signage","Professional e-commerce studio product photograph of: Retractable Banner Stands. Roll-up banner stand with an aluminum base, carry bag, and a replaceable printed graphic — setup in under a minute. Product category: Banners & Signage. Show the product exactly as it would be sold — complete, undistorted, in a flattering three-quarter hero angle, centered with generous empty margin around it. Background: clean seamless very light warm-grey (#F2F2F0). Lighting: soft diffused studio light with a gentle natural contact shadow. Realistic materials, print quality and paper/fabric texture. Branding: the attached image is the Outprint logo (a blue wordmark with a small coral bar under the 'O'). Print this logo faithfully on the product — on a business card, the card front; on a box, the lid or side panel; on apparel, the chest; on a sticker, the sticker face; on a bag, the front; and so on — sized and placed the way a real branded product would carry it. The only readable text anywhere in the image is the brand name 'Outprint', spelled exactly O-u-t-p-r-i-n-t. Do not invent any other words, names, phone numbers, emails or lorem ipsum. Keep the design otherwise clean and minimal, using white or light neutral materials so the blue logo stands out. No people, no hands, no watermark, no border or frame, no extra props competing with the product. Square 1:1 composition."
"016","standard-business-cards","Standard Business Cards","Business Prints > Business Cards","Professional e-commerce studio product photograph of: Standard Business Cards. Everyday 14pt cards in matte or gloss — smudge-resistant, quick turnaround, and priced for ordering in volume. Product category: Business Prints > Business Cards. Show the product exactly as it would be sold — complete, undistorted, in a flattering three-quarter hero angle, centered with generous empty margin around it. Background: clean seamless very light warm-grey (#F2F2F0). Lighting: soft diffused studio light with a gentle natural contact shadow. Realistic materials, print quality and paper/fabric texture. Branding: the attached image is the Outprint logo (a blue wordmark with a small coral bar under the 'O'). Print this logo faithfully on the product — on a business card, the card front; on a box, the lid or side panel; on apparel, the chest; on a sticker, the sticker face; on a bag, the front; and so on — sized and placed the way a real branded product would carry it. The only readable text anywhere in the image is the brand name 'Outprint', spelled exactly O-u-t-p-r-i-n-t. Do not invent any other words, names, phone numbers, emails or lorem ipsum. Keep the design otherwise clean and minimal, using white or light neutral materials so the blue logo stands out. No people, no hands, no watermark, no border or frame, no extra props competing with the product. Square 1:1 composition."
"017","express-business-cards","Express Business Cards","Business Prints > Business Cards","Professional e-commerce studio product photograph of: Express Business Cards. Same-day proofing and 24-hour production on our core matte and gloss stocks, for launches that can't wait. Product category: Business Prints > Business Cards. Show the product exactly as it would be sold — complete, undistorted, in a flattering three-quarter hero angle, centered with generous empty margin around it. Background: clean seamless very light warm-grey (#F2F2F0). Lighting: soft diffused studio light with a gentle natural contact shadow. Realistic materials, print quality and paper/fabric texture. Branding: the attached image is the Outprint logo (a blue wordmark with a small coral bar under the 'O'). Print this logo faithfully on the product — on a business card, the card front; on a box, the lid or side panel; on apparel, the chest; on a sticker, the sticker face; on a bag, the front; and so on — sized and placed the way a real branded product would carry it. The only readable text anywhere in the image is the brand name 'Outprint', spelled exactly O-u-t-p-r-i-n-t. Do not invent any other words, names, phone numbers, emails or lorem ipsum. Keep the design otherwise clean and minimal, using white or light neutral materials so the blue logo stands out. No people, no hands, no watermark, no border or frame, no extra props competing with the product. Square 1:1 composition."
"018","velvet-laminated-cards","Velvet Laminated Cards","Business Prints > Business Cards","Professional e-commerce studio product photograph of: Velvet Laminated Cards. 16pt stock laminated in a soft-touch velvet film — a tactile, fingerprint-resistant finish that reads premium instantly. Product category: Business Prints > Business Cards. Show the product exactly as it would be sold — complete, undistorted, in a flattering three-quarter hero angle, centered with generous empty margin around it. Background: clean seamless very light warm-grey (#F2F2F0). Lighting: soft diffused studio light with a gentle natural contact shadow. Realistic materials, print quality and paper/fabric texture. Branding: the attached image is the Outprint logo (a blue wordmark with a small coral bar under the 'O'). Print this logo faithfully on the product — on a business card, the card front; on a box, the lid or side panel; on apparel, the chest; on a sticker, the sticker face; on a bag, the front; and so on — sized and placed the way a real branded product would carry it. The only readable text anywhere in the image is the brand name 'Outprint', spelled exactly O-u-t-p-r-i-n-t. Do not invent any other words, names, phone numbers, emails or lorem ipsum. Keep the design otherwise clean and minimal, using white or light neutral materials so the blue logo stands out. No people, no hands, no watermark, no border or frame, no extra props competing with the product. Square 1:1 composition."
"019","textured-business-cards","Textured Business Cards","Business Prints > Business Cards","Professional e-commerce studio product photograph of: Textured Business Cards. Linen, cotton or hammer-textured stock adds a tactile finish you can feel before you read a word. Product category: Business Prints > Business Cards. Show the product exactly as it would be sold — complete, undistorted, in a flattering three-quarter hero angle, centered with generous empty margin around it. Background: clean seamless very light warm-grey (#F2F2F0). Lighting: soft diffused studio light with a gentle natural contact shadow. Realistic materials, print quality and paper/fabric texture. Branding: the attached image is the Outprint logo (a blue wordmark with a small coral bar under the 'O'). Print this logo faithfully on the product — on a business card, the card front; on a box, the lid or side panel; on apparel, the chest; on a sticker, the sticker face; on a bag, the front; and so on — sized and placed the way a real branded product would carry it. The only readable text anywhere in the image is the brand name 'Outprint', spelled exactly O-u-t-p-r-i-n-t. Do not invent any other words, names, phone numbers, emails or lorem ipsum. Keep the design otherwise clean and minimal, using white or light neutral materials so the blue logo stands out. No people, no hands, no watermark, no border or frame, no extra props competing with the product. Square 1:1 composition."
"020","pearl-shimmer-cards","Pearl Shimmer Cards","Business Prints > Business Cards","Professional e-commerce studio product photograph of: Pearl Shimmer Cards. Pearlescent shimmer stock that catches the light at an angle — a subtle upgrade over flat matte or gloss. Product category: Business Prints > Business Cards. Show the product exactly as it would be sold — complete, undistorted, in a flattering three-quarter hero angle, centered with generous empty margin around it. Background: clean seamless very light warm-grey (#F2F2F0). Lighting: soft diffused studio light with a gentle natural contact shadow. Realistic materials, print quality and paper/fabric texture. Branding: the attached image is the Outprint logo (a blue wordmark with a small coral bar under the 'O'). Print this logo faithfully on the product — on a business card, the card front; on a box, the lid or side panel; on apparel, the chest; on a sticker, the sticker face; on a bag, the front; and so on — sized and placed the way a real branded product would carry it. The only readable text anywhere in the image is the brand name 'Outprint', spelled exactly O-u-t-p-r-i-n-t. Do not invent any other words, names, phone numbers, emails or lorem ipsum. Keep the design otherwise clean and minimal, using white or light neutral materials so the blue logo stands out. No people, no hands, no watermark, no border or frame, no extra props competing with the product. Square 1:1 composition."
"021","smooth-white-business-cards","Smooth White Business Cards","Business Prints > Business Cards","Professional e-commerce studio product photograph of: Smooth White Business Cards. Uncoated smooth white stock that takes pen ink cleanly — popular for cards meant to be written on. Product category: Business Prints > Business Cards. Show the product exactly as it would be sold — complete, undistorted, in a flattering three-quarter hero angle, centered with generous empty margin around it. Background: clean seamless very light warm-grey (#F2F2F0). Lighting: soft diffused studio light with a gentle natural contact shadow. Realistic materials, print quality and paper/fabric texture. Branding: the attached image is the Outprint logo (a blue wordmark with a small coral bar under the 'O'). Print this logo faithfully on the product — on a business card, the card front; on a box, the lid or side panel; on apparel, the chest; on a sticker, the sticker face; on a bag, the front; and so on — sized and placed the way a real branded product would carry it. The only readable text anywhere in the image is the brand name 'Outprint', spelled exactly O-u-t-p-r-i-n-t. Do not invent any other words, names, phone numbers, emails or lorem ipsum. Keep the design otherwise clean and minimal, using white or light neutral materials so the blue logo stands out. No people, no hands, no watermark, no border or frame, no extra props competing with the product. Square 1:1 composition."
"022","brown-kraft-business-cards","Brown Kraft Business Cards","Business Prints > Business Cards","Professional e-commerce studio product photograph of: Brown Kraft Business Cards. Uncoated kraft stock with visible natural fibers — an earthy, eco-forward look for craft and hospitality brands. Product category: Business Prints > Business Cards. Show the product exactly as it would be sold — complete, undistorted, in a flattering three-quarter hero angle, centered with generous empty margin around it. Background: clean seamless very light warm-grey (#F2F2F0). Lighting: soft diffused studio light with a gentle natural contact shadow. Realistic materials, print quality and paper/fabric texture. Branding: the attached image is the Outprint logo (a blue wordmark with a small coral bar under the 'O'). Print this logo faithfully on the product — on a business card, the card front; on a box, the lid or side panel; on apparel, the chest; on a sticker, the sticker face; on a bag, the front; and so on — sized and placed the way a real branded product would carry it. The only readable text anywhere in the image is the brand name 'Outprint', spelled exactly O-u-t-p-r-i-n-t. Do not invent any other words, names, phone numbers, emails or lorem ipsum. Keep the design otherwise clean and minimal, using white or light neutral materials so the blue logo stands out. No people, no hands, no watermark, no border or frame, no extra props competing with the product. Square 1:1 composition."
"023","waterproof-cards","Waterproof Cards","Business Prints > Business Cards","Professional e-commerce studio product photograph of: Waterproof Cards. Synthetic polypropylene stock that survives a spill, a pool day, or a stint in a wallet through the wash. Product category: Business Prints > Business Cards. Show the product exactly as it would be sold — complete, undistorted, in a flattering three-quarter hero angle, centered with generous empty margin around it. Background: clean seamless very light warm-grey (#F2F2F0). Lighting: soft diffused studio light with a gentle natural contact shadow. Realistic materials, print quality and paper/fabric texture. Branding: the attached image is the Outprint logo (a blue wordmark with a small coral bar under the 'O'). Print this logo faithfully on the product — on a business card, the card front; on a box, the lid or side panel; on apparel, the chest; on a sticker, the sticker face; on a bag, the front; and so on — sized and placed the way a real branded product would carry it. The only readable text anywhere in the image is the brand name 'Outprint', spelled exactly O-u-t-p-r-i-n-t. Do not invent any other words, names, phone numbers, emails or lorem ipsum. Keep the design otherwise clean and minimal, using white or light neutral materials so the blue logo stands out. No people, no hands, no watermark, no border or frame, no extra props competing with the product. Square 1:1 composition."
"024","eco-friendly-cards","Eco-Friendly Cards","Business Prints > Business Cards","Professional e-commerce studio product photograph of: Eco-Friendly Cards. 100% recycled matte stock, or plantable seed paper that grows into wildflowers once the card's done its job. Product category: Business Prints > Business Cards. Show the product exactly as it would be sold — complete, undistorted, in a flattering three-quarter hero angle, centered with generous empty margin around it. Background: clean seamless very light warm-grey (#F2F2F0). Lighting: soft diffused studio light with a gentle natural contact shadow. Realistic materials, print quality and paper/fabric texture. Branding: the attached image is the Outprint logo (a blue wordmark with a small coral bar under the 'O'). Print this logo faithfully on the product — on a business card, the card front; on a box, the lid or side panel; on apparel, the chest; on a sticker, the sticker face; on a bag, the front; and so on — sized and placed the way a real branded product would carry it. The only readable text anywhere in the image is the brand name 'Outprint', spelled exactly O-u-t-p-r-i-n-t. Do not invent any other words, names, phone numbers, emails or lorem ipsum. Keep the design otherwise clean and minimal, using white or light neutral materials so the blue logo stands out. No people, no hands, no watermark, no border or frame, no extra props competing with the product. Square 1:1 composition."
"025","spot-uv-business-cards","Spot UV Business Cards","Business Prints > Business Cards","Professional e-commerce studio product photograph of: Spot UV Business Cards. Matte or silk base stock with a glossy raised coating over your logo or type for contrast without color. Product category: Business Prints > Business Cards. Show the product exactly as it would be sold — complete, undistorted, in a flattering three-quarter hero angle, centered with generous empty margin around it. Background: clean seamless very light warm-grey (#F2F2F0). Lighting: soft diffused studio light with a gentle natural contact shadow. Realistic materials, print quality and paper/fabric texture. Branding: the attached image is the Outprint logo (a blue wordmark with a small coral bar under the 'O'). Print this logo faithfully on the product — on a business card, the card front; on a box, the lid or side panel; on apparel, the chest; on a sticker, the sticker face; on a bag, the front; and so on — sized and placed the way a real branded product would carry it. The only readable text anywhere in the image is the brand name 'Outprint', spelled exactly O-u-t-p-r-i-n-t. Do not invent any other words, names, phone numbers, emails or lorem ipsum. Keep the design otherwise clean and minimal, using white or light neutral materials so the blue logo stands out. No people, no hands, no watermark, no border or frame, no extra props competing with the product. Square 1:1 composition."
"026","white-ink-black-cards","White Ink Black Cards","Business Prints > Business Cards","Professional e-commerce studio product photograph of: White Ink Black Cards. Solid black stock printed with opaque white ink — a stark, high-contrast look that stands out in any card holder. Product category: Business Prints > Business Cards. Show the product exactly as it would be sold — complete, undistorted, in a flattering three-quarter hero angle, centered with generous empty margin around it. Background: clean seamless very light warm-grey (#F2F2F0). Lighting: soft diffused studio light with a gentle natural contact shadow. Realistic materials, print quality and paper/fabric texture. Branding: the attached image is the Outprint logo (a blue wordmark with a small coral bar under the 'O'). Print this logo faithfully on the product — on a business card, the card front; on a box, the lid or side panel; on apparel, the chest; on a sticker, the sticker face; on a bag, the front; and so on — sized and placed the way a real branded product would carry it. The only readable text anywhere in the image is the brand name 'Outprint', spelled exactly O-u-t-p-r-i-n-t. Do not invent any other words, names, phone numbers, emails or lorem ipsum. Keep the design otherwise clean and minimal, using white or light neutral materials so the blue logo stands out. No people, no hands, no watermark, no border or frame, no extra props competing with the product. Square 1:1 composition."
"027","gold-foil-black-cards","Gold Foil Black Cards","Business Prints > Business Cards","Professional e-commerce studio product photograph of: Gold Foil Black Cards. Black stock finished with a metallic foil stamp — gold, rose gold or silver — for a luxury first impression. Product category: Business Prints > Business Cards. Show the product exactly as it would be sold — complete, undistorted, in a flattering three-quarter hero angle, centered with generous empty margin around it. Background: clean seamless very light warm-grey (#F2F2F0). Lighting: soft diffused studio light with a gentle natural contact shadow. Realistic materials, print quality and paper/fabric texture. Branding: the attached image is the Outprint logo (a blue wordmark with a small coral bar under the 'O'). Print this logo faithfully on the product — on a business card, the card front; on a box, the lid or side panel; on apparel, the chest; on a sticker, the sticker face; on a bag, the front; and so on — sized and placed the way a real branded product would carry it. The only readable text anywhere in the image is the brand name 'Outprint', spelled exactly O-u-t-p-r-i-n-t. Do not invent any other words, names, phone numbers, emails or lorem ipsum. Keep the design otherwise clean and minimal, using white or light neutral materials so the blue logo stands out. No people, no hands, no watermark, no border or frame, no extra props competing with the product. Square 1:1 composition."
"028","double-pasted-cards","Double Pasted Cards","Business Prints > Business Cards","Professional e-commerce studio product photograph of: Double Pasted Cards. Two sheets glued face-to-face for extra rigidity and heft, without the cost of a full triplex build. Product category: Business Prints > Business Cards. Show the product exactly as it would be sold — complete, undistorted, in a flattering three-quarter hero angle, centered with generous empty margin around it. Background: clean seamless very light warm-grey (#F2F2F0). Lighting: soft diffused studio light with a gentle natural contact shadow. Realistic materials, print quality and paper/fabric texture. Branding: the attached image is the Outprint logo (a blue wordmark with a small coral bar under the 'O'). Print this logo faithfully on the product — on a business card, the card front; on a box, the lid or side panel; on apparel, the chest; on a sticker, the sticker face; on a bag, the front; and so on — sized and placed the way a real branded product would carry it. The only readable text anywhere in the image is the brand name 'Outprint', spelled exactly O-u-t-p-r-i-n-t. Do not invent any other words, names, phone numbers, emails or lorem ipsum. Keep the design otherwise clean and minimal, using white or light neutral materials so the blue logo stands out. No people, no hands, no watermark, no border or frame, no extra props competing with the product. Square 1:1 composition."
"029","triplex-business-cards","Triplex Business Cards","Business Prints > Business Cards","Professional e-commerce studio product photograph of: Triplex Business Cards. Three laminated layers with a bold colored core visible at the edge — our thickest, most substantial card build. Product category: Business Prints > Business Cards. Show the product exactly as it would be sold — complete, undistorted, in a flattering three-quarter hero angle, centered with generous empty margin around it. Background: clean seamless very light warm-grey (#F2F2F0). Lighting: soft diffused studio light with a gentle natural contact shadow. Realistic materials, print quality and paper/fabric texture. Branding: the attached image is the Outprint logo (a blue wordmark with a small coral bar under the 'O'). Print this logo faithfully on the product — on a business card, the card front; on a box, the lid or side panel; on apparel, the chest; on a sticker, the sticker face; on a bag, the front; and so on — sized and placed the way a real branded product would carry it. The only readable text anywhere in the image is the brand name 'Outprint', spelled exactly O-u-t-p-r-i-n-t. Do not invent any other words, names, phone numbers, emails or lorem ipsum. Keep the design otherwise clean and minimal, using white or light neutral materials so the blue logo stands out. No people, no hands, no watermark, no border or frame, no extra props competing with the product. Square 1:1 composition."
"030","square-business-cards","Square Business Cards","Business Prints > Business Cards","Professional e-commerce studio product photograph of: Square Business Cards. A square die-cut card that stands out in a stack of standard rectangles, on the same 14pt-16pt stocks. Product category: Business Prints > Business Cards. Show the product exactly as it would be sold — complete, undistorted, in a flattering three-quarter hero angle, centered with generous empty margin around it. Background: clean seamless very light warm-grey (#F2F2F0). Lighting: soft diffused studio light with a gentle natural contact shadow. Realistic materials, print quality and paper/fabric texture. Branding: the attached image is the Outprint logo (a blue wordmark with a small coral bar under the 'O'). Print this logo faithfully on the product — on a business card, the card front; on a box, the lid or side panel; on apparel, the chest; on a sticker, the sticker face; on a bag, the front; and so on — sized and placed the way a real branded product would carry it. The only readable text anywhere in the image is the brand name 'Outprint', spelled exactly O-u-t-p-r-i-n-t. Do not invent any other words, names, phone numbers, emails or lorem ipsum. Keep the design otherwise clean and minimal, using white or light neutral materials so the blue logo stands out. No people, no hands, no watermark, no border or frame, no extra props competing with the product. Square 1:1 composition."
"031","circle-business-cards","Circle Business Cards","Business Prints > Business Cards","Professional e-commerce studio product photograph of: Circle Business Cards. A fully round die-cut card — a distinctive shape for logos and brands built around a circular mark. Product category: Business Prints > Business Cards. Show the product exactly as it would be sold — complete, undistorted, in a flattering three-quarter hero angle, centered with generous empty margin around it. Background: clean seamless very light warm-grey (#F2F2F0). Lighting: soft diffused studio light with a gentle natural contact shadow. Realistic materials, print quality and paper/fabric texture. Branding: the attached image is the Outprint logo (a blue wordmark with a small coral bar under the 'O'). Print this logo faithfully on the product — on a business card, the card front; on a box, the lid or side panel; on apparel, the chest; on a sticker, the sticker face; on a bag, the front; and so on — sized and placed the way a real branded product would carry it. The only readable text anywhere in the image is the brand name 'Outprint', spelled exactly O-u-t-p-r-i-n-t. Do not invent any other words, names, phone numbers, emails or lorem ipsum. Keep the design otherwise clean and minimal, using white or light neutral materials so the blue logo stands out. No people, no hands, no watermark, no border or frame, no extra props competing with the product. Square 1:1 composition."
"032","oval-shaped-business-cards","Oval Shaped Business Cards","Business Prints > Business Cards","Professional e-commerce studio product photograph of: Oval Shaped Business Cards. A softened oval die-cut for a card that still reads as familiar but never gets lost in a card holder. Product category: Business Prints > Business Cards. Show the product exactly as it would be sold — complete, undistorted, in a flattering three-quarter hero angle, centered with generous empty margin around it. Background: clean seamless very light warm-grey (#F2F2F0). Lighting: soft diffused studio light with a gentle natural contact shadow. Realistic materials, print quality and paper/fabric texture. Branding: the attached image is the Outprint logo (a blue wordmark with a small coral bar under the 'O'). Print this logo faithfully on the product — on a business card, the card front; on a box, the lid or side panel; on apparel, the chest; on a sticker, the sticker face; on a bag, the front; and so on — sized and placed the way a real branded product would carry it. The only readable text anywhere in the image is the brand name 'Outprint', spelled exactly O-u-t-p-r-i-n-t. Do not invent any other words, names, phone numbers, emails or lorem ipsum. Keep the design otherwise clean and minimal, using white or light neutral materials so the blue logo stands out. No people, no hands, no watermark, no border or frame, no extra props competing with the product. Square 1:1 composition."
"033","any-shape-die-cut-business-cards","Any Shape (Die-cut) Business Cards","Business Prints > Business Cards","Professional e-commerce studio product photograph of: Any Shape (Die-cut) Business Cards. Fully custom die-cut outline traced to your artwork — arches, tabs, notches or a shape entirely your own. Product category: Business Prints > Business Cards. Show the product exactly as it would be sold — complete, undistorted, in a flattering three-quarter hero angle, centered with generous empty margin around it. Background: clean seamless very light warm-grey (#F2F2F0). Lighting: soft diffused studio light with a gentle natural contact shadow. Realistic materials, print quality and paper/fabric texture. Branding: the attached image is the Outprint logo (a blue wordmark with a small coral bar under the 'O'). Print this logo faithfully on the product — on a business card, the card front; on a box, the lid or side panel; on apparel, the chest; on a sticker, the sticker face; on a bag, the front; and so on — sized and placed the way a real branded product would carry it. The only readable text anywhere in the image is the brand name 'Outprint', spelled exactly O-u-t-p-r-i-n-t. Do not invent any other words, names, phone numbers, emails or lorem ipsum. Keep the design otherwise clean and minimal, using white or light neutral materials so the blue logo stands out. No people, no hands, no watermark, no border or frame, no extra props competing with the product. Square 1:1 composition."
"034","standard-letterheads","Standard Letterheads","Business Prints > Letterheads","Professional e-commerce studio product photograph of: Standard Letterheads. 80gsm-100gsm bond paper letterheads, single or full-color printed to your template. Product category: Business Prints > Letterheads. Show the product exactly as it would be sold — complete, undistorted, in a flattering three-quarter hero angle, centered with generous empty margin around it. Background: clean seamless very light warm-grey (#F2F2F0). Lighting: soft diffused studio light with a gentle natural contact shadow. Realistic materials, print quality and paper/fabric texture. Branding: the attached image is the Outprint logo (a blue wordmark with a small coral bar under the 'O'). Print this logo faithfully on the product — on a business card, the card front; on a box, the lid or side panel; on apparel, the chest; on a sticker, the sticker face; on a bag, the front; and so on — sized and placed the way a real branded product would carry it. The only readable text anywhere in the image is the brand name 'Outprint', spelled exactly O-u-t-p-r-i-n-t. Do not invent any other words, names, phone numbers, emails or lorem ipsum. Keep the design otherwise clean and minimal, using white or light neutral materials so the blue logo stands out. No people, no hands, no watermark, no border or frame, no extra props competing with the product. Square 1:1 composition."
"035","express-letterheads","Express Letterheads","Business Prints > Letterheads","Professional e-commerce studio product photograph of: Express Letterheads. Same bond-paper letterheads with a 24-hour turnaround for urgent print runs. Product category: Business Prints > Letterheads. Show the product exactly as it would be sold — complete, undistorted, in a flattering three-quarter hero angle, centered with generous empty margin around it. Background: clean seamless very light warm-grey (#F2F2F0). Lighting: soft diffused studio light with a gentle natural contact shadow. Realistic materials, print quality and paper/fabric texture. Branding: the attached image is the Outprint logo (a blue wordmark with a small coral bar under the 'O'). Print this logo faithfully on the product — on a business card, the card front; on a box, the lid or side panel; on apparel, the chest; on a sticker, the sticker face; on a bag, the front; and so on — sized and placed the way a real branded product would carry it. The only readable text anywhere in the image is the brand name 'Outprint', spelled exactly O-u-t-p-r-i-n-t. Do not invent any other words, names, phone numbers, emails or lorem ipsum. Keep the design otherwise clean and minimal, using white or light neutral materials so the blue logo stands out. No people, no hands, no watermark, no border or frame, no extra props competing with the product. Square 1:1 composition."
"036","executive-letterheads","Executive Letterheads","Business Prints > Letterheads","Professional e-commerce studio product photograph of: Executive Letterheads. 120gsm-160gsm premium uncoated stock, built for foil or embossed letterhead headers. Product category: Business Prints > Letterheads. Show the product exactly as it would be sold — complete, undistorted, in a flattering three-quarter hero angle, centered with generous empty margin around it. Background: clean seamless very light warm-grey (#F2F2F0). Lighting: soft diffused studio light with a gentle natural contact shadow. Realistic materials, print quality and paper/fabric texture. Branding: the attached image is the Outprint logo (a blue wordmark with a small coral bar under the 'O'). Print this logo faithfully on the product — on a business card, the card front; on a box, the lid or side panel; on apparel, the chest; on a sticker, the sticker face; on a bag, the front; and so on — sized and placed the way a real branded product would carry it. The only readable text anywhere in the image is the brand name 'Outprint', spelled exactly O-u-t-p-r-i-n-t. Do not invent any other words, names, phone numbers, emails or lorem ipsum. Keep the design otherwise clean and minimal, using white or light neutral materials so the blue logo stands out. No people, no hands, no watermark, no border or frame, no extra props competing with the product. Square 1:1 composition."
"037","dl-custom-envelopes","DL Custom Envelopes","Business Prints > Envelopes","Professional e-commerce studio product photograph of: DL Custom Envelopes. 110mm x 220mm DL envelopes, the standard size for a folded A4 letter. Product category: Business Prints > Envelopes. Show the product exactly as it would be sold — complete, undistorted, in a flattering three-quarter hero angle, centered with generous empty margin around it. Background: clean seamless very light warm-grey (#F2F2F0). Lighting: soft diffused studio light with a gentle natural contact shadow. Realistic materials, print quality and paper/fabric texture. Branding: the attached image is the Outprint logo (a blue wordmark with a small coral bar under the 'O'). Print this logo faithfully on the product — on a business card, the card front; on a box, the lid or side panel; on apparel, the chest; on a sticker, the sticker face; on a bag, the front; and so on — sized and placed the way a real branded product would carry it. The only readable text anywhere in the image is the brand name 'Outprint', spelled exactly O-u-t-p-r-i-n-t. Do not invent any other words, names, phone numbers, emails or lorem ipsum. Keep the design otherwise clean and minimal, using white or light neutral materials so the blue logo stands out. No people, no hands, no watermark, no border or frame, no extra props competing with the product. Square 1:1 composition."
"038","c5-custom-envelopes","C5 Custom Envelopes","Business Prints > Envelopes","Professional e-commerce studio product photograph of: C5 Custom Envelopes. 162mm x 229mm C5 envelopes, sized for an A4 sheet folded once. Product category: Business Prints > Envelopes. Show the product exactly as it would be sold — complete, undistorted, in a flattering three-quarter hero angle, centered with generous empty margin around it. Background: clean seamless very light warm-grey (#F2F2F0). Lighting: soft diffused studio light with a gentle natural contact shadow. Realistic materials, print quality and paper/fabric texture. Branding: the attached image is the Outprint logo (a blue wordmark with a small coral bar under the 'O'). Print this logo faithfully on the product — on a business card, the card front; on a box, the lid or side panel; on apparel, the chest; on a sticker, the sticker face; on a bag, the front; and so on — sized and placed the way a real branded product would carry it. The only readable text anywhere in the image is the brand name 'Outprint', spelled exactly O-u-t-p-r-i-n-t. Do not invent any other words, names, phone numbers, emails or lorem ipsum. Keep the design otherwise clean and minimal, using white or light neutral materials so the blue logo stands out. No people, no hands, no watermark, no border or frame, no extra props competing with the product. Square 1:1 composition."
"039","c4-custom-envelopes","C4 Custom Envelopes","Business Prints > Envelopes","Professional e-commerce studio product photograph of: C4 Custom Envelopes. 229mm x 324mm C4 envelopes, sized for an unfolded A4 sheet. Product category: Business Prints > Envelopes. Show the product exactly as it would be sold — complete, undistorted, in a flattering three-quarter hero angle, centered with generous empty margin around it. Background: clean seamless very light warm-grey (#F2F2F0). Lighting: soft diffused studio light with a gentle natural contact shadow. Realistic materials, print quality and paper/fabric texture. Branding: the attached image is the Outprint logo (a blue wordmark with a small coral bar under the 'O'). Print this logo faithfully on the product — on a business card, the card front; on a box, the lid or side panel; on apparel, the chest; on a sticker, the sticker face; on a bag, the front; and so on — sized and placed the way a real branded product would carry it. The only readable text anywhere in the image is the brand name 'Outprint', spelled exactly O-u-t-p-r-i-n-t. Do not invent any other words, names, phone numbers, emails or lorem ipsum. Keep the design otherwise clean and minimal, using white or light neutral materials so the blue logo stands out. No people, no hands, no watermark, no border or frame, no extra props competing with the product. Square 1:1 composition."
"040","a5-notepads","A5 Notepads","Business Prints > Notepads & Notebooks","Professional e-commerce studio product photograph of: A5 Notepads. 50-sheet A5 notepads, glue-bound at the top, with your logo and ruled or grid layout printed on every sheet. Product category: Business Prints > Notepads & Notebooks. Show the product exactly as it would be sold — complete, undistorted, in a flattering three-quarter hero angle, centered with generous empty margin around it. Background: clean seamless very light warm-grey (#F2F2F0). Lighting: soft diffused studio light with a gentle natural contact shadow. Realistic materials, print quality and paper/fabric texture. Branding: the attached image is the Outprint logo (a blue wordmark with a small coral bar under the 'O'). Print this logo faithfully on the product — on a business card, the card front; on a box, the lid or side panel; on apparel, the chest; on a sticker, the sticker face; on a bag, the front; and so on — sized and placed the way a real branded product would carry it. The only readable text anywhere in the image is the brand name 'Outprint', spelled exactly O-u-t-p-r-i-n-t. Do not invent any other words, names, phone numbers, emails or lorem ipsum. Keep the design otherwise clean and minimal, using white or light neutral materials so the blue logo stands out. No people, no hands, no watermark, no border or frame, no extra props competing with the product. Square 1:1 composition."
"041","a5-wire-o-notebooks","A5 Wire-o Notebooks","Business Prints > Notepads & Notebooks","Professional e-commerce studio product photograph of: A5 Wire-o Notebooks. Wire-o bound A5 notebooks with a printed soft or hard cover — lies flat for writing, and holds up to daily use. Product category: Business Prints > Notepads & Notebooks. Show the product exactly as it would be sold — complete, undistorted, in a flattering three-quarter hero angle, centered with generous empty margin around it. Background: clean seamless very light warm-grey (#F2F2F0). Lighting: soft diffused studio light with a gentle natural contact shadow. Realistic materials, print quality and paper/fabric texture. Branding: the attached image is the Outprint logo (a blue wordmark with a small coral bar under the 'O'). Print this logo faithfully on the product — on a business card, the card front; on a box, the lid or side panel; on apparel, the chest; on a sticker, the sticker face; on a bag, the front; and so on — sized and placed the way a real branded product would carry it. The only readable text anywhere in the image is the brand name 'Outprint', spelled exactly O-u-t-p-r-i-n-t. Do not invent any other words, names, phone numbers, emails or lorem ipsum. Keep the design otherwise clean and minimal, using white or light neutral materials so the blue logo stands out. No people, no hands, no watermark, no border or frame, no extra props competing with the product. Square 1:1 composition."
"042","standard-certificates","Standard Certificates","Business Prints > Certificates","Professional e-commerce studio product photograph of: Standard Certificates. 160gsm-220gsm cardstock certificates with a decorative border, printed in full color. Product category: Business Prints > Certificates. Show the product exactly as it would be sold — complete, undistorted, in a flattering three-quarter hero angle, centered with generous empty margin around it. Background: clean seamless very light warm-grey (#F2F2F0). Lighting: soft diffused studio light with a gentle natural contact shadow. Realistic materials, print quality and paper/fabric texture. Branding: the attached image is the Outprint logo (a blue wordmark with a small coral bar under the 'O'). Print this logo faithfully on the product — on a business card, the card front; on a box, the lid or side panel; on apparel, the chest; on a sticker, the sticker face; on a bag, the front; and so on — sized and placed the way a real branded product would carry it. The only readable text anywhere in the image is the brand name 'Outprint', spelled exactly O-u-t-p-r-i-n-t. Do not invent any other words, names, phone numbers, emails or lorem ipsum. Keep the design otherwise clean and minimal, using white or light neutral materials so the blue logo stands out. No people, no hands, no watermark, no border or frame, no extra props competing with the product. Square 1:1 composition."
"043","premium-certificates","Premium Certificates","Business Prints > Certificates","Professional e-commerce studio product photograph of: Premium Certificates. Textured cover-weight stock with a gold or silver foil seal for award and achievement certificates. Product category: Business Prints > Certificates. Show the product exactly as it would be sold — complete, undistorted, in a flattering three-quarter hero angle, centered with generous empty margin around it. Background: clean seamless very light warm-grey (#F2F2F0). Lighting: soft diffused studio light with a gentle natural contact shadow. Realistic materials, print quality and paper/fabric texture. Branding: the attached image is the Outprint logo (a blue wordmark with a small coral bar under the 'O'). Print this logo faithfully on the product — on a business card, the card front; on a box, the lid or side panel; on apparel, the chest; on a sticker, the sticker face; on a bag, the front; and so on — sized and placed the way a real branded product would carry it. The only readable text anywhere in the image is the brand name 'Outprint', spelled exactly O-u-t-p-r-i-n-t. Do not invent any other words, names, phone numbers, emails or lorem ipsum. Keep the design otherwise clean and minimal, using white or light neutral materials so the blue logo stands out. No people, no hands, no watermark, no border or frame, no extra props competing with the product. Square 1:1 composition."
"044","a4-2-pocket-folders","A4 2-Pocket Folders","Business Prints > Presentation Folders","Professional e-commerce studio product photograph of: A4 2-Pocket Folders. Standard A4 presentation folder with two interior pockets and a business card slit, on heavy printed board. Product category: Business Prints > Presentation Folders. Show the product exactly as it would be sold — complete, undistorted, in a flattering three-quarter hero angle, centered with generous empty margin around it. Background: clean seamless very light warm-grey (#F2F2F0). Lighting: soft diffused studio light with a gentle natural contact shadow. Realistic materials, print quality and paper/fabric texture. Branding: the attached image is the Outprint logo (a blue wordmark with a small coral bar under the 'O'). Print this logo faithfully on the product — on a business card, the card front; on a box, the lid or side panel; on apparel, the chest; on a sticker, the sticker face; on a bag, the front; and so on — sized and placed the way a real branded product would carry it. The only readable text anywhere in the image is the brand name 'Outprint', spelled exactly O-u-t-p-r-i-n-t. Do not invent any other words, names, phone numbers, emails or lorem ipsum. Keep the design otherwise clean and minimal, using white or light neutral materials so the blue logo stands out. No people, no hands, no watermark, no border or frame, no extra props competing with the product. Square 1:1 composition."
"045","custom-shape-folders","Custom Shape Folders","Business Prints > Presentation Folders","Professional e-commerce studio product photograph of: Custom Shape Folders. Die-cut presentation folder in a shape unique to your brand, beyond the standard rectangle. Product category: Business Prints > Presentation Folders. Show the product exactly as it would be sold — complete, undistorted, in a flattering three-quarter hero angle, centered with generous empty margin around it. Background: clean seamless very light warm-grey (#F2F2F0). Lighting: soft diffused studio light with a gentle natural contact shadow. Realistic materials, print quality and paper/fabric texture. Branding: the attached image is the Outprint logo (a blue wordmark with a small coral bar under the 'O'). Print this logo faithfully on the product — on a business card, the card front; on a box, the lid or side panel; on apparel, the chest; on a sticker, the sticker face; on a bag, the front; and so on — sized and placed the way a real branded product would carry it. The only readable text anywhere in the image is the brand name 'Outprint', spelled exactly O-u-t-p-r-i-n-t. Do not invent any other words, names, phone numbers, emails or lorem ipsum. Keep the design otherwise clean and minimal, using white or light neutral materials so the blue logo stands out. No people, no hands, no watermark, no border or frame, no extra props competing with the product. Square 1:1 composition."
"046","standard-flyers","Standard Flyers","Promo Prints > Flyers","Professional e-commerce studio product photograph of: Standard Flyers. 150gsm-250gsm gloss art paper flyers for everyday promotions, priced for high-volume distribution. Product category: Promo Prints > Flyers. Show the product exactly as it would be sold — complete, undistorted, in a flattering three-quarter hero angle, centered with generous empty margin around it. Background: clean seamless very light warm-grey (#F2F2F0). Lighting: soft diffused studio light with a gentle natural contact shadow. Realistic materials, print quality and paper/fabric texture. Branding: the attached image is the Outprint logo (a blue wordmark with a small coral bar under the 'O'). Print this logo faithfully on the product — on a business card, the card front; on a box, the lid or side panel; on apparel, the chest; on a sticker, the sticker face; on a bag, the front; and so on — sized and placed the way a real branded product would carry it. The only readable text anywhere in the image is the brand name 'Outprint', spelled exactly O-u-t-p-r-i-n-t. Do not invent any other words, names, phone numbers, emails or lorem ipsum. Keep the design otherwise clean and minimal, using white or light neutral materials so the blue logo stands out. No people, no hands, no watermark, no border or frame, no extra props competing with the product. Square 1:1 composition."
"047","express-flyers","Express Flyers","Promo Prints > Flyers","Professional e-commerce studio product photograph of: Express Flyers. The same gloss art paper flyer, produced and dispatched within 24 hours. Product category: Promo Prints > Flyers. Show the product exactly as it would be sold — complete, undistorted, in a flattering three-quarter hero angle, centered with generous empty margin around it. Background: clean seamless very light warm-grey (#F2F2F0). Lighting: soft diffused studio light with a gentle natural contact shadow. Realistic materials, print quality and paper/fabric texture. Branding: the attached image is the Outprint logo (a blue wordmark with a small coral bar under the 'O'). Print this logo faithfully on the product — on a business card, the card front; on a box, the lid or side panel; on apparel, the chest; on a sticker, the sticker face; on a bag, the front; and so on — sized and placed the way a real branded product would carry it. The only readable text anywhere in the image is the brand name 'Outprint', spelled exactly O-u-t-p-r-i-n-t. Do not invent any other words, names, phone numbers, emails or lorem ipsum. Keep the design otherwise clean and minimal, using white or light neutral materials so the blue logo stands out. No people, no hands, no watermark, no border or frame, no extra props competing with the product. Square 1:1 composition."
"048","gloss-laminated-flyers","Gloss Laminated Flyers","Promo Prints > Flyers","Professional e-commerce studio product photograph of: Gloss Laminated Flyers. 300gsm-350gsm stock finished with a gloss laminate film for extra durability and shine. Product category: Promo Prints > Flyers. Show the product exactly as it would be sold — complete, undistorted, in a flattering three-quarter hero angle, centered with generous empty margin around it. Background: clean seamless very light warm-grey (#F2F2F0). Lighting: soft diffused studio light with a gentle natural contact shadow. Realistic materials, print quality and paper/fabric texture. Branding: the attached image is the Outprint logo (a blue wordmark with a small coral bar under the 'O'). Print this logo faithfully on the product — on a business card, the card front; on a box, the lid or side panel; on apparel, the chest; on a sticker, the sticker face; on a bag, the front; and so on — sized and placed the way a real branded product would carry it. The only readable text anywhere in the image is the brand name 'Outprint', spelled exactly O-u-t-p-r-i-n-t. Do not invent any other words, names, phone numbers, emails or lorem ipsum. Keep the design otherwise clean and minimal, using white or light neutral materials so the blue logo stands out. No people, no hands, no watermark, no border or frame, no extra props competing with the product. Square 1:1 composition."
"049","square-flyers","Square Flyers","Promo Prints > Flyers","Professional e-commerce studio product photograph of: Square Flyers. A square-format flyer that breaks from the standard A-size rack — popular for menus and social handouts. Product category: Promo Prints > Flyers. Show the product exactly as it would be sold — complete, undistorted, in a flattering three-quarter hero angle, centered with generous empty margin around it. Background: clean seamless very light warm-grey (#F2F2F0). Lighting: soft diffused studio light with a gentle natural contact shadow. Realistic materials, print quality and paper/fabric texture. Branding: the attached image is the Outprint logo (a blue wordmark with a small coral bar under the 'O'). Print this logo faithfully on the product — on a business card, the card front; on a box, the lid or side panel; on apparel, the chest; on a sticker, the sticker face; on a bag, the front; and so on — sized and placed the way a real branded product would carry it. The only readable text anywhere in the image is the brand name 'Outprint', spelled exactly O-u-t-p-r-i-n-t. Do not invent any other words, names, phone numbers, emails or lorem ipsum. Keep the design otherwise clean and minimal, using white or light neutral materials so the blue logo stands out. No people, no hands, no watermark, no border or frame, no extra props competing with the product. Square 1:1 composition."
"050","brown-kraft-flyers","Brown Kraft Flyers","Promo Prints > Flyers","Professional e-commerce studio product photograph of: Brown Kraft Flyers. Uncoated kraft stock flyers for an earthy, hand-made look that still holds crisp full-color print. Product category: Promo Prints > Flyers. Show the product exactly as it would be sold — complete, undistorted, in a flattering three-quarter hero angle, centered with generous empty margin around it. Background: clean seamless very light warm-grey (#F2F2F0). Lighting: soft diffused studio light with a gentle natural contact shadow. Realistic materials, print quality and paper/fabric texture. Branding: the attached image is the Outprint logo (a blue wordmark with a small coral bar under the 'O'). Print this logo faithfully on the product — on a business card, the card front; on a box, the lid or side panel; on apparel, the chest; on a sticker, the sticker face; on a bag, the front; and so on — sized and placed the way a real branded product would carry it. The only readable text anywhere in the image is the brand name 'Outprint', spelled exactly O-u-t-p-r-i-n-t. Do not invent any other words, names, phone numbers, emails or lorem ipsum. Keep the design otherwise clean and minimal, using white or light neutral materials so the blue logo stands out. No people, no hands, no watermark, no border or frame, no extra props competing with the product. Square 1:1 composition."
"051","waterproof-flyers","Waterproof Flyers","Promo Prints > Flyers","Professional e-commerce studio product photograph of: Waterproof Flyers. Synthetic waterproof stock built for outdoor handouts, boats and anything that meets rain or spray. Product category: Promo Prints > Flyers. Show the product exactly as it would be sold — complete, undistorted, in a flattering three-quarter hero angle, centered with generous empty margin around it. Background: clean seamless very light warm-grey (#F2F2F0). Lighting: soft diffused studio light with a gentle natural contact shadow. Realistic materials, print quality and paper/fabric texture. Branding: the attached image is the Outprint logo (a blue wordmark with a small coral bar under the 'O'). Print this logo faithfully on the product — on a business card, the card front; on a box, the lid or side panel; on apparel, the chest; on a sticker, the sticker face; on a bag, the front; and so on — sized and placed the way a real branded product would carry it. The only readable text anywhere in the image is the brand name 'Outprint', spelled exactly O-u-t-p-r-i-n-t. Do not invent any other words, names, phone numbers, emails or lorem ipsum. Keep the design otherwise clean and minimal, using white or light neutral materials so the blue logo stands out. No people, no hands, no watermark, no border or frame, no extra props competing with the product. Square 1:1 composition."
"052","desktop-calendars","Desktop Calendars","Promo Prints > Calendars","Professional e-commerce studio product photograph of: Desktop Calendars. A compact wire-bound tent calendar that sits on any desk, printed with 12 monthly spreads. Product category: Promo Prints > Calendars. Show the product exactly as it would be sold — complete, undistorted, in a flattering three-quarter hero angle, centered with generous empty margin around it. Background: clean seamless very light warm-grey (#F2F2F0). Lighting: soft diffused studio light with a gentle natural contact shadow. Realistic materials, print quality and paper/fabric texture. Branding: the attached image is the Outprint logo (a blue wordmark with a small coral bar under the 'O'). Print this logo faithfully on the product — on a business card, the card front; on a box, the lid or side panel; on apparel, the chest; on a sticker, the sticker face; on a bag, the front; and so on — sized and placed the way a real branded product would carry it. The only readable text anywhere in the image is the brand name 'Outprint', spelled exactly O-u-t-p-r-i-n-t. Do not invent any other words, names, phone numbers, emails or lorem ipsum. Keep the design otherwise clean and minimal, using white or light neutral materials so the blue logo stands out. No people, no hands, no watermark, no border or frame, no extra props competing with the product. Square 1:1 composition."
"053","wall-calendars","Wall Calendars","Promo Prints > Calendars","Professional e-commerce studio product photograph of: Wall Calendars. A 12-month wire-o bound wall calendar with a hanging hole, one spread per month. Product category: Promo Prints > Calendars. Show the product exactly as it would be sold — complete, undistorted, in a flattering three-quarter hero angle, centered with generous empty margin around it. Background: clean seamless very light warm-grey (#F2F2F0). Lighting: soft diffused studio light with a gentle natural contact shadow. Realistic materials, print quality and paper/fabric texture. Branding: the attached image is the Outprint logo (a blue wordmark with a small coral bar under the 'O'). Print this logo faithfully on the product — on a business card, the card front; on a box, the lid or side panel; on apparel, the chest; on a sticker, the sticker face; on a bag, the front; and so on — sized and placed the way a real branded product would carry it. The only readable text anywhere in the image is the brand name 'Outprint', spelled exactly O-u-t-p-r-i-n-t. Do not invent any other words, names, phone numbers, emails or lorem ipsum. Keep the design otherwise clean and minimal, using white or light neutral materials so the blue logo stands out. No people, no hands, no watermark, no border or frame, no extra props competing with the product. Square 1:1 composition."
"054","poster-calendars","Poster Calendars","Promo Prints > Calendars","Professional e-commerce studio product photograph of: Poster Calendars. A single large-format sheet with all 12 months laid out at once — no binding, just pin and go. Product category: Promo Prints > Calendars. Show the product exactly as it would be sold — complete, undistorted, in a flattering three-quarter hero angle, centered with generous empty margin around it. Background: clean seamless very light warm-grey (#F2F2F0). Lighting: soft diffused studio light with a gentle natural contact shadow. Realistic materials, print quality and paper/fabric texture. Branding: the attached image is the Outprint logo (a blue wordmark with a small coral bar under the 'O'). Print this logo faithfully on the product — on a business card, the card front; on a box, the lid or side panel; on apparel, the chest; on a sticker, the sticker face; on a bag, the front; and so on — sized and placed the way a real branded product would carry it. The only readable text anywhere in the image is the brand name 'Outprint', spelled exactly O-u-t-p-r-i-n-t. Do not invent any other words, names, phone numbers, emails or lorem ipsum. Keep the design otherwise clean and minimal, using white or light neutral materials so the blue logo stands out. No people, no hands, no watermark, no border or frame, no extra props competing with the product. Square 1:1 composition."
"055","standard-postcards","Standard Postcards","Promo Prints > Postcards","Professional e-commerce studio product photograph of: Standard Postcards. 4in x 6in gloss postcards for direct mail, promotions and event invites. Product category: Promo Prints > Postcards. Show the product exactly as it would be sold — complete, undistorted, in a flattering three-quarter hero angle, centered with generous empty margin around it. Background: clean seamless very light warm-grey (#F2F2F0). Lighting: soft diffused studio light with a gentle natural contact shadow. Realistic materials, print quality and paper/fabric texture. Branding: the attached image is the Outprint logo (a blue wordmark with a small coral bar under the 'O'). Print this logo faithfully on the product — on a business card, the card front; on a box, the lid or side panel; on apparel, the chest; on a sticker, the sticker face; on a bag, the front; and so on — sized and placed the way a real branded product would carry it. The only readable text anywhere in the image is the brand name 'Outprint', spelled exactly O-u-t-p-r-i-n-t. Do not invent any other words, names, phone numbers, emails or lorem ipsum. Keep the design otherwise clean and minimal, using white or light neutral materials so the blue logo stands out. No people, no hands, no watermark, no border or frame, no extra props competing with the product. Square 1:1 composition."
"056","photo-postcards","Photo Postcards","Promo Prints > Postcards","Professional e-commerce studio product photograph of: Photo Postcards. Photo-paper finish postcards that reproduce images with the depth of a real photo print. Product category: Promo Prints > Postcards. Show the product exactly as it would be sold — complete, undistorted, in a flattering three-quarter hero angle, centered with generous empty margin around it. Background: clean seamless very light warm-grey (#F2F2F0). Lighting: soft diffused studio light with a gentle natural contact shadow. Realistic materials, print quality and paper/fabric texture. Branding: the attached image is the Outprint logo (a blue wordmark with a small coral bar under the 'O'). Print this logo faithfully on the product — on a business card, the card front; on a box, the lid or side panel; on apparel, the chest; on a sticker, the sticker face; on a bag, the front; and so on — sized and placed the way a real branded product would carry it. The only readable text anywhere in the image is the brand name 'Outprint', spelled exactly O-u-t-p-r-i-n-t. Do not invent any other words, names, phone numbers, emails or lorem ipsum. Keep the design otherwise clean and minimal, using white or light neutral materials so the blue logo stands out. No people, no hands, no watermark, no border or frame, no extra props competing with the product. Square 1:1 composition."
"057","square-postcards","Square Postcards","Promo Prints > Postcards","Professional e-commerce studio product photograph of: Square Postcards. A square-format postcard for a distinctive mailer or Instagram-ready handout. Product category: Promo Prints > Postcards. Show the product exactly as it would be sold — complete, undistorted, in a flattering three-quarter hero angle, centered with generous empty margin around it. Background: clean seamless very light warm-grey (#F2F2F0). Lighting: soft diffused studio light with a gentle natural contact shadow. Realistic materials, print quality and paper/fabric texture. Branding: the attached image is the Outprint logo (a blue wordmark with a small coral bar under the 'O'). Print this logo faithfully on the product — on a business card, the card front; on a box, the lid or side panel; on apparel, the chest; on a sticker, the sticker face; on a bag, the front; and so on — sized and placed the way a real branded product would carry it. The only readable text anywhere in the image is the brand name 'Outprint', spelled exactly O-u-t-p-r-i-n-t. Do not invent any other words, names, phone numbers, emails or lorem ipsum. Keep the design otherwise clean and minimal, using white or light neutral materials so the blue logo stands out. No people, no hands, no watermark, no border or frame, no extra props competing with the product. Square 1:1 composition."
"058","standard-greeting-cards","Standard Greeting Cards","Promo Prints > Greeting Cards","Professional e-commerce studio product photograph of: Standard Greeting Cards. A folded 5in x 7in greeting card printed inside and out, with a matching blank envelope included. Product category: Promo Prints > Greeting Cards. Show the product exactly as it would be sold — complete, undistorted, in a flattering three-quarter hero angle, centered with generous empty margin around it. Background: clean seamless very light warm-grey (#F2F2F0). Lighting: soft diffused studio light with a gentle natural contact shadow. Realistic materials, print quality and paper/fabric texture. Branding: the attached image is the Outprint logo (a blue wordmark with a small coral bar under the 'O'). Print this logo faithfully on the product — on a business card, the card front; on a box, the lid or side panel; on apparel, the chest; on a sticker, the sticker face; on a bag, the front; and so on — sized and placed the way a real branded product would carry it. The only readable text anywhere in the image is the brand name 'Outprint', spelled exactly O-u-t-p-r-i-n-t. Do not invent any other words, names, phone numbers, emails or lorem ipsum. Keep the design otherwise clean and minimal, using white or light neutral materials so the blue logo stands out. No people, no hands, no watermark, no border or frame, no extra props competing with the product. Square 1:1 composition."
"059","trifold-menus","Trifold Menus","Promo Prints > Menus & Brochures","Professional e-commerce studio product photograph of: Trifold Menus. A laminated trifold A4 menu built to survive daily handling on a restaurant table. Product category: Promo Prints > Menus & Brochures. Show the product exactly as it would be sold — complete, undistorted, in a flattering three-quarter hero angle, centered with generous empty margin around it. Background: clean seamless very light warm-grey (#F2F2F0). Lighting: soft diffused studio light with a gentle natural contact shadow. Realistic materials, print quality and paper/fabric texture. Branding: the attached image is the Outprint logo (a blue wordmark with a small coral bar under the 'O'). Print this logo faithfully on the product — on a business card, the card front; on a box, the lid or side panel; on apparel, the chest; on a sticker, the sticker face; on a bag, the front; and so on — sized and placed the way a real branded product would carry it. The only readable text anywhere in the image is the brand name 'Outprint', spelled exactly O-u-t-p-r-i-n-t. Do not invent any other words, names, phone numbers, emails or lorem ipsum. Keep the design otherwise clean and minimal, using white or light neutral materials so the blue logo stands out. No people, no hands, no watermark, no border or frame, no extra props competing with the product. Square 1:1 composition."
"060","trifold-pamphlets","Trifold Pamphlets","Promo Prints > Menus & Brochures","Professional e-commerce studio product photograph of: Trifold Pamphlets. An unlaminated trifold pamphlet for marketing collateral, rack cards and info handouts. Product category: Promo Prints > Menus & Brochures. Show the product exactly as it would be sold — complete, undistorted, in a flattering three-quarter hero angle, centered with generous empty margin around it. Background: clean seamless very light warm-grey (#F2F2F0). Lighting: soft diffused studio light with a gentle natural contact shadow. Realistic materials, print quality and paper/fabric texture. Branding: the attached image is the Outprint logo (a blue wordmark with a small coral bar under the 'O'). Print this logo faithfully on the product — on a business card, the card front; on a box, the lid or side panel; on apparel, the chest; on a sticker, the sticker face; on a bag, the front; and so on — sized and placed the way a real branded product would carry it. The only readable text anywhere in the image is the brand name 'Outprint', spelled exactly O-u-t-p-r-i-n-t. Do not invent any other words, names, phone numbers, emails or lorem ipsum. Keep the design otherwise clean and minimal, using white or light neutral materials so the blue logo stands out. No people, no hands, no watermark, no border or frame, no extra props competing with the product. Square 1:1 composition."
"061","standard-booklets","Standard Booklets","Promo Prints > Menus & Brochures","Professional e-commerce studio product photograph of: Standard Booklets. An 8-page saddle-stitched booklet with a self-cover, for programs, guides and product overviews. Product category: Promo Prints > Menus & Brochures. Show the product exactly as it would be sold — complete, undistorted, in a flattering three-quarter hero angle, centered with generous empty margin around it. Background: clean seamless very light warm-grey (#F2F2F0). Lighting: soft diffused studio light with a gentle natural contact shadow. Realistic materials, print quality and paper/fabric texture. Branding: the attached image is the Outprint logo (a blue wordmark with a small coral bar under the 'O'). Print this logo faithfully on the product — on a business card, the card front; on a box, the lid or side panel; on apparel, the chest; on a sticker, the sticker face; on a bag, the front; and so on — sized and placed the way a real branded product would carry it. The only readable text anywhere in the image is the brand name 'Outprint', spelled exactly O-u-t-p-r-i-n-t. Do not invent any other words, names, phone numbers, emails or lorem ipsum. Keep the design otherwise clean and minimal, using white or light neutral materials so the blue logo stands out. No people, no hands, no watermark, no border or frame, no extra props competing with the product. Square 1:1 composition."
"062","standard-catalogues","Standard Catalogues","Promo Prints > Menus & Brochures","Professional e-commerce studio product photograph of: Standard Catalogues. A multi-page perfect-bound or saddle-stitched catalogue for a full product range. Product category: Promo Prints > Menus & Brochures. Show the product exactly as it would be sold — complete, undistorted, in a flattering three-quarter hero angle, centered with generous empty margin around it. Background: clean seamless very light warm-grey (#F2F2F0). Lighting: soft diffused studio light with a gentle natural contact shadow. Realistic materials, print quality and paper/fabric texture. Branding: the attached image is the Outprint logo (a blue wordmark with a small coral bar under the 'O'). Print this logo faithfully on the product — on a business card, the card front; on a box, the lid or side panel; on apparel, the chest; on a sticker, the sticker face; on a bag, the front; and so on — sized and placed the way a real branded product would carry it. The only readable text anywhere in the image is the brand name 'Outprint', spelled exactly O-u-t-p-r-i-n-t. Do not invent any other words, names, phone numbers, emails or lorem ipsum. Keep the design otherwise clean and minimal, using white or light neutral materials so the blue logo stands out. No people, no hands, no watermark, no border or frame, no extra props competing with the product. Square 1:1 composition."
"063","standard-brochures","Standard Brochures","Promo Prints > Menus & Brochures","Professional e-commerce studio product photograph of: Standard Brochures. A bifold A4 brochure for a single product line or service overview. Product category: Promo Prints > Menus & Brochures. Show the product exactly as it would be sold — complete, undistorted, in a flattering three-quarter hero angle, centered with generous empty margin around it. Background: clean seamless very light warm-grey (#F2F2F0). Lighting: soft diffused studio light with a gentle natural contact shadow. Realistic materials, print quality and paper/fabric texture. Branding: the attached image is the Outprint logo (a blue wordmark with a small coral bar under the 'O'). Print this logo faithfully on the product — on a business card, the card front; on a box, the lid or side panel; on apparel, the chest; on a sticker, the sticker face; on a bag, the front; and so on — sized and placed the way a real branded product would carry it. The only readable text anywhere in the image is the brand name 'Outprint', spelled exactly O-u-t-p-r-i-n-t. Do not invent any other words, names, phone numbers, emails or lorem ipsum. Keep the design otherwise clean and minimal, using white or light neutral materials so the blue logo stands out. No people, no hands, no watermark, no border or frame, no extra props competing with the product. Square 1:1 composition."
"064","company-profiles","Company Profiles","Promo Prints > Menus & Brochures","Professional e-commerce studio product photograph of: Company Profiles. A premium bound document on quality stock with a heavier cover — the print leave-behind for a pitch meeting. Product category: Promo Prints > Menus & Brochures. Show the product exactly as it would be sold — complete, undistorted, in a flattering three-quarter hero angle, centered with generous empty margin around it. Background: clean seamless very light warm-grey (#F2F2F0). Lighting: soft diffused studio light with a gentle natural contact shadow. Realistic materials, print quality and paper/fabric texture. Branding: the attached image is the Outprint logo (a blue wordmark with a small coral bar under the 'O'). Print this logo faithfully on the product — on a business card, the card front; on a box, the lid or side panel; on apparel, the chest; on a sticker, the sticker face; on a bag, the front; and so on — sized and placed the way a real branded product would carry it. The only readable text anywhere in the image is the brand name 'Outprint', spelled exactly O-u-t-p-r-i-n-t. Do not invent any other words, names, phone numbers, emails or lorem ipsum. Keep the design otherwise clean and minimal, using white or light neutral materials so the blue logo stands out. No people, no hands, no watermark, no border or frame, no extra props competing with the product. Square 1:1 composition."
"065","door-hangers","Door Hangers","Promo Prints > Door Hangers","Professional e-commerce studio product photograph of: Door Hangers. A die-cut door hanger with a slotted handle sized for a standard doorknob, printed full color both sides. Product category: Promo Prints > Door Hangers. Show the product exactly as it would be sold — complete, undistorted, in a flattering three-quarter hero angle, centered with generous empty margin around it. Background: clean seamless very light warm-grey (#F2F2F0). Lighting: soft diffused studio light with a gentle natural contact shadow. Realistic materials, print quality and paper/fabric texture. Branding: the attached image is the Outprint logo (a blue wordmark with a small coral bar under the 'O'). Print this logo faithfully on the product — on a business card, the card front; on a box, the lid or side panel; on apparel, the chest; on a sticker, the sticker face; on a bag, the front; and so on — sized and placed the way a real branded product would carry it. The only readable text anywhere in the image is the brand name 'Outprint', spelled exactly O-u-t-p-r-i-n-t. Do not invent any other words, names, phone numbers, emails or lorem ipsum. Keep the design otherwise clean and minimal, using white or light neutral materials so the blue logo stands out. No people, no hands, no watermark, no border or frame, no extra props competing with the product. Square 1:1 composition."
"066","round-stickers","Round Stickers","Promo Prints > Stickers & Labels","Professional e-commerce studio product photograph of: Round Stickers. A simple circular sticker cut to a clean round edge — the fastest, most affordable die-cut shape. Product category: Promo Prints > Stickers & Labels. Show the product exactly as it would be sold — complete, undistorted, in a flattering three-quarter hero angle, centered with generous empty margin around it. Background: clean seamless very light warm-grey (#F2F2F0). Lighting: soft diffused studio light with a gentle natural contact shadow. Realistic materials, print quality and paper/fabric texture. Branding: the attached image is the Outprint logo (a blue wordmark with a small coral bar under the 'O'). Print this logo faithfully on the product — on a business card, the card front; on a box, the lid or side panel; on apparel, the chest; on a sticker, the sticker face; on a bag, the front; and so on — sized and placed the way a real branded product would carry it. The only readable text anywhere in the image is the brand name 'Outprint', spelled exactly O-u-t-p-r-i-n-t. Do not invent any other words, names, phone numbers, emails or lorem ipsum. Keep the design otherwise clean and minimal, using white or light neutral materials so the blue logo stands out. No people, no hands, no watermark, no border or frame, no extra props competing with the product. Square 1:1 composition."
"067","square-stickers","Square Stickers","Promo Prints > Stickers & Labels","Professional e-commerce studio product photograph of: Square Stickers. A clean square-cut sticker, ideal for grid layouts, product packs and uniform branding. Product category: Promo Prints > Stickers & Labels. Show the product exactly as it would be sold — complete, undistorted, in a flattering three-quarter hero angle, centered with generous empty margin around it. Background: clean seamless very light warm-grey (#F2F2F0). Lighting: soft diffused studio light with a gentle natural contact shadow. Realistic materials, print quality and paper/fabric texture. Branding: the attached image is the Outprint logo (a blue wordmark with a small coral bar under the 'O'). Print this logo faithfully on the product — on a business card, the card front; on a box, the lid or side panel; on apparel, the chest; on a sticker, the sticker face; on a bag, the front; and so on — sized and placed the way a real branded product would carry it. The only readable text anywhere in the image is the brand name 'Outprint', spelled exactly O-u-t-p-r-i-n-t. Do not invent any other words, names, phone numbers, emails or lorem ipsum. Keep the design otherwise clean and minimal, using white or light neutral materials so the blue logo stands out. No people, no hands, no watermark, no border or frame, no extra props competing with the product. Square 1:1 composition."
"068","any-shape-kiss-cut-stickers","Any Shape (Kiss-cut) Stickers","Promo Prints > Stickers & Labels","Professional e-commerce studio product photograph of: Any Shape (Kiss-cut) Stickers. Kiss-cut to your artwork's outline on a peel-away backing sheet — the outline shows, the backing stays whole. Product category: Promo Prints > Stickers & Labels. Show the product exactly as it would be sold — complete, undistorted, in a flattering three-quarter hero angle, centered with generous empty margin around it. Background: clean seamless very light warm-grey (#F2F2F0). Lighting: soft diffused studio light with a gentle natural contact shadow. Realistic materials, print quality and paper/fabric texture. Branding: the attached image is the Outprint logo (a blue wordmark with a small coral bar under the 'O'). Print this logo faithfully on the product — on a business card, the card front; on a box, the lid or side panel; on apparel, the chest; on a sticker, the sticker face; on a bag, the front; and so on — sized and placed the way a real branded product would carry it. The only readable text anywhere in the image is the brand name 'Outprint', spelled exactly O-u-t-p-r-i-n-t. Do not invent any other words, names, phone numbers, emails or lorem ipsum. Keep the design otherwise clean and minimal, using white or light neutral materials so the blue logo stands out. No people, no hands, no watermark, no border or frame, no extra props competing with the product. Square 1:1 composition."
"069","paper-stickers","Paper Stickers","Promo Prints > Stickers & Labels","Professional e-commerce studio product photograph of: Paper Stickers. Uncoated or gloss paper stickers for indoor use — a budget-friendly alternative to vinyl for short-run campaigns. Product category: Promo Prints > Stickers & Labels. Show the product exactly as it would be sold — complete, undistorted, in a flattering three-quarter hero angle, centered with generous empty margin around it. Background: clean seamless very light warm-grey (#F2F2F0). Lighting: soft diffused studio light with a gentle natural contact shadow. Realistic materials, print quality and paper/fabric texture. Branding: the attached image is the Outprint logo (a blue wordmark with a small coral bar under the 'O'). Print this logo faithfully on the product — on a business card, the card front; on a box, the lid or side panel; on apparel, the chest; on a sticker, the sticker face; on a bag, the front; and so on — sized and placed the way a real branded product would carry it. The only readable text anywhere in the image is the brand name 'Outprint', spelled exactly O-u-t-p-r-i-n-t. Do not invent any other words, names, phone numbers, emails or lorem ipsum. Keep the design otherwise clean and minimal, using white or light neutral materials so the blue logo stands out. No people, no hands, no watermark, no border or frame, no extra props competing with the product. Square 1:1 composition."
"070","standard-posters","Standard Posters","Promo Prints > Posters","Professional e-commerce studio product photograph of: Standard Posters. Large-format posters in matte or gloss finish, sized from A3 up to A0 for windows, walls and event signage. Product category: Promo Prints > Posters. Show the product exactly as it would be sold — complete, undistorted, in a flattering three-quarter hero angle, centered with generous empty margin around it. Background: clean seamless very light warm-grey (#F2F2F0). Lighting: soft diffused studio light with a gentle natural contact shadow. Realistic materials, print quality and paper/fabric texture. Branding: the attached image is the Outprint logo (a blue wordmark with a small coral bar under the 'O'). Print this logo faithfully on the product — on a business card, the card front; on a box, the lid or side panel; on apparel, the chest; on a sticker, the sticker face; on a bag, the front; and so on — sized and placed the way a real branded product would carry it. The only readable text anywhere in the image is the brand name 'Outprint', spelled exactly O-u-t-p-r-i-n-t. Do not invent any other words, names, phone numbers, emails or lorem ipsum. Keep the design otherwise clean and minimal, using white or light neutral materials so the blue logo stands out. No people, no hands, no watermark, no border or frame, no extra props competing with the product. Square 1:1 composition."
"071","standard-coasters","Standard Coasters","Promo Prints > Hospitality","Professional e-commerce studio product photograph of: Standard Coasters. Round or square absorbent pulpboard coasters, full-color printed on one or both sides. Product category: Promo Prints > Hospitality. Show the product exactly as it would be sold — complete, undistorted, in a flattering three-quarter hero angle, centered with generous empty margin around it. Background: clean seamless very light warm-grey (#F2F2F0). Lighting: soft diffused studio light with a gentle natural contact shadow. Realistic materials, print quality and paper/fabric texture. Branding: the attached image is the Outprint logo (a blue wordmark with a small coral bar under the 'O'). Print this logo faithfully on the product — on a business card, the card front; on a box, the lid or side panel; on apparel, the chest; on a sticker, the sticker face; on a bag, the front; and so on — sized and placed the way a real branded product would carry it. The only readable text anywhere in the image is the brand name 'Outprint', spelled exactly O-u-t-p-r-i-n-t. Do not invent any other words, names, phone numbers, emails or lorem ipsum. Keep the design otherwise clean and minimal, using white or light neutral materials so the blue logo stands out. No people, no hands, no watermark, no border or frame, no extra props competing with the product. Square 1:1 composition."
"072","brown-kraft-coasters","Brown Kraft Coasters","Promo Prints > Hospitality","Professional e-commerce studio product photograph of: Brown Kraft Coasters. Uncoated kraft coaster board for a rustic, cafe-style look that still holds crisp one or two-color print. Product category: Promo Prints > Hospitality. Show the product exactly as it would be sold — complete, undistorted, in a flattering three-quarter hero angle, centered with generous empty margin around it. Background: clean seamless very light warm-grey (#F2F2F0). Lighting: soft diffused studio light with a gentle natural contact shadow. Realistic materials, print quality and paper/fabric texture. Branding: the attached image is the Outprint logo (a blue wordmark with a small coral bar under the 'O'). Print this logo faithfully on the product — on a business card, the card front; on a box, the lid or side panel; on apparel, the chest; on a sticker, the sticker face; on a bag, the front; and so on — sized and placed the way a real branded product would carry it. The only readable text anywhere in the image is the brand name 'Outprint', spelled exactly O-u-t-p-r-i-n-t. Do not invent any other words, names, phone numbers, emails or lorem ipsum. Keep the design otherwise clean and minimal, using white or light neutral materials so the blue logo stands out. No people, no hands, no watermark, no border or frame, no extra props competing with the product. Square 1:1 composition."
"073","standard-placemats","Standard Placemats","Promo Prints > Hospitality","Professional e-commerce studio product photograph of: Standard Placemats. Disposable paper placemats sized for a standard table setting, full-color printed with menu highlights or ads. Product category: Promo Prints > Hospitality. Show the product exactly as it would be sold — complete, undistorted, in a flattering three-quarter hero angle, centered with generous empty margin around it. Background: clean seamless very light warm-grey (#F2F2F0). Lighting: soft diffused studio light with a gentle natural contact shadow. Realistic materials, print quality and paper/fabric texture. Branding: the attached image is the Outprint logo (a blue wordmark with a small coral bar under the 'O'). Print this logo faithfully on the product — on a business card, the card front; on a box, the lid or side panel; on apparel, the chest; on a sticker, the sticker face; on a bag, the front; and so on — sized and placed the way a real branded product would carry it. The only readable text anywhere in the image is the brand name 'Outprint', spelled exactly O-u-t-p-r-i-n-t. Do not invent any other words, names, phone numbers, emails or lorem ipsum. Keep the design otherwise clean and minimal, using white or light neutral materials so the blue logo stands out. No people, no hands, no watermark, no border or frame, no extra props competing with the product. Square 1:1 composition."
"074","food-wrappers","Food Wrappers","Promo Prints > Hospitality","Professional e-commerce studio product photograph of: Food Wrappers. Greaseproof food wrap sheets printed with your branding, for burgers, sandwiches and bakery items. Product category: Promo Prints > Hospitality. Show the product exactly as it would be sold — complete, undistorted, in a flattering three-quarter hero angle, centered with generous empty margin around it. Background: clean seamless very light warm-grey (#F2F2F0). Lighting: soft diffused studio light with a gentle natural contact shadow. Realistic materials, print quality and paper/fabric texture. Branding: the attached image is the Outprint logo (a blue wordmark with a small coral bar under the 'O'). Print this logo faithfully on the product — on a business card, the card front; on a box, the lid or side panel; on apparel, the chest; on a sticker, the sticker face; on a bag, the front; and so on — sized and placed the way a real branded product would carry it. The only readable text anywhere in the image is the brand name 'Outprint', spelled exactly O-u-t-p-r-i-n-t. Do not invent any other words, names, phone numbers, emails or lorem ipsum. Keep the design otherwise clean and minimal, using white or light neutral materials so the blue logo stands out. No people, no hands, no watermark, no border or frame, no extra props competing with the product. Square 1:1 composition."
"075","table-tents","Table Tents","Promo Prints > Hospitality","Professional e-commerce studio product photograph of: Table Tents. A folded, free-standing table tent card for menu specials, promotions or table numbers. Product category: Promo Prints > Hospitality. Show the product exactly as it would be sold — complete, undistorted, in a flattering three-quarter hero angle, centered with generous empty margin around it. Background: clean seamless very light warm-grey (#F2F2F0). Lighting: soft diffused studio light with a gentle natural contact shadow. Realistic materials, print quality and paper/fabric texture. Branding: the attached image is the Outprint logo (a blue wordmark with a small coral bar under the 'O'). Print this logo faithfully on the product — on a business card, the card front; on a box, the lid or side panel; on apparel, the chest; on a sticker, the sticker face; on a bag, the front; and so on — sized and placed the way a real branded product would carry it. The only readable text anywhere in the image is the brand name 'Outprint', spelled exactly O-u-t-p-r-i-n-t. Do not invent any other words, names, phone numbers, emails or lorem ipsum. Keep the design otherwise clean and minimal, using white or light neutral materials so the blue logo stands out. No people, no hands, no watermark, no border or frame, no extra props competing with the product. Square 1:1 composition."
"076","standard-hang-tags","Standard Hang Tags","Promo Prints > Tags & Bookmarks","Professional e-commerce studio product photograph of: Standard Hang Tags. Retail garment hang tags on sturdy cardstock, punched with a string hole and ready to attach. Product category: Promo Prints > Tags & Bookmarks. Show the product exactly as it would be sold — complete, undistorted, in a flattering three-quarter hero angle, centered with generous empty margin around it. Background: clean seamless very light warm-grey (#F2F2F0). Lighting: soft diffused studio light with a gentle natural contact shadow. Realistic materials, print quality and paper/fabric texture. Branding: the attached image is the Outprint logo (a blue wordmark with a small coral bar under the 'O'). Print this logo faithfully on the product — on a business card, the card front; on a box, the lid or side panel; on apparel, the chest; on a sticker, the sticker face; on a bag, the front; and so on — sized and placed the way a real branded product would carry it. The only readable text anywhere in the image is the brand name 'Outprint', spelled exactly O-u-t-p-r-i-n-t. Do not invent any other words, names, phone numbers, emails or lorem ipsum. Keep the design otherwise clean and minimal, using white or light neutral materials so the blue logo stands out. No people, no hands, no watermark, no border or frame, no extra props competing with the product. Square 1:1 composition."
"077","standard-bookmarks","Standard Bookmarks","Promo Prints > Tags & Bookmarks","Professional e-commerce studio product photograph of: Standard Bookmarks. A simple full-color bookmark on matte or gloss cardstock — a low-cost giveaway for stores and events. Product category: Promo Prints > Tags & Bookmarks. Show the product exactly as it would be sold — complete, undistorted, in a flattering three-quarter hero angle, centered with generous empty margin around it. Background: clean seamless very light warm-grey (#F2F2F0). Lighting: soft diffused studio light with a gentle natural contact shadow. Realistic materials, print quality and paper/fabric texture. Branding: the attached image is the Outprint logo (a blue wordmark with a small coral bar under the 'O'). Print this logo faithfully on the product — on a business card, the card front; on a box, the lid or side panel; on apparel, the chest; on a sticker, the sticker face; on a bag, the front; and so on — sized and placed the way a real branded product would carry it. The only readable text anywhere in the image is the brand name 'Outprint', spelled exactly O-u-t-p-r-i-n-t. Do not invent any other words, names, phone numbers, emails or lorem ipsum. Keep the design otherwise clean and minimal, using white or light neutral materials so the blue logo stands out. No people, no hands, no watermark, no border or frame, no extra props competing with the product. Square 1:1 composition."
"078","premium-bookmarks","Premium Bookmarks","Promo Prints > Tags & Bookmarks","Professional e-commerce studio product photograph of: Premium Bookmarks. A laminated or foil-accented bookmark on heavier stock, for gifting and premium retail giveaways. Product category: Promo Prints > Tags & Bookmarks. Show the product exactly as it would be sold — complete, undistorted, in a flattering three-quarter hero angle, centered with generous empty margin around it. Background: clean seamless very light warm-grey (#F2F2F0). Lighting: soft diffused studio light with a gentle natural contact shadow. Realistic materials, print quality and paper/fabric texture. Branding: the attached image is the Outprint logo (a blue wordmark with a small coral bar under the 'O'). Print this logo faithfully on the product — on a business card, the card front; on a box, the lid or side panel; on apparel, the chest; on a sticker, the sticker face; on a bag, the front; and so on — sized and placed the way a real branded product would carry it. The only readable text anywhere in the image is the brand name 'Outprint', spelled exactly O-u-t-p-r-i-n-t. Do not invent any other words, names, phone numbers, emails or lorem ipsum. Keep the design otherwise clean and minimal, using white or light neutral materials so the blue logo stands out. No people, no hands, no watermark, no border or frame, no extra props competing with the product. Square 1:1 composition."
"079","standard-tickets-vouchers","Standard Tickets/Vouchers","Promo Prints > Tickets & Vouchers","Professional e-commerce studio product photograph of: Standard Tickets/Vouchers. Event tickets or gift vouchers on secure cardstock, with optional sequential numbering and a tear-off perforation. Product category: Promo Prints > Tickets & Vouchers. Show the product exactly as it would be sold — complete, undistorted, in a flattering three-quarter hero angle, centered with generous empty margin around it. Background: clean seamless very light warm-grey (#F2F2F0). Lighting: soft diffused studio light with a gentle natural contact shadow. Realistic materials, print quality and paper/fabric texture. Branding: the attached image is the Outprint logo (a blue wordmark with a small coral bar under the 'O'). Print this logo faithfully on the product — on a business card, the card front; on a box, the lid or side panel; on apparel, the chest; on a sticker, the sticker face; on a bag, the front; and so on — sized and placed the way a real branded product would carry it. The only readable text anywhere in the image is the brand name 'Outprint', spelled exactly O-u-t-p-r-i-n-t. Do not invent any other words, names, phone numbers, emails or lorem ipsum. Keep the design otherwise clean and minimal, using white or light neutral materials so the blue logo stands out. No people, no hands, no watermark, no border or frame, no extra props competing with the product. Square 1:1 composition."
"080","roll-up-banner-85x200cm","Roll-Up Banner 85x200cm","Large Prints > Roll-up Banners","Professional e-commerce studio product photograph of: Roll-Up Banner 85x200cm. An economical retractable roll-up banner on a standard aluminum base — the everyday size for storefronts, booths and reception areas. Product category: Large Prints > Roll-up Banners. Show the product exactly as it would be sold — complete, undistorted, in a flattering three-quarter hero angle, centered with generous empty margin around it. Background: clean seamless very light warm-grey (#F2F2F0). Lighting: soft diffused studio light with a gentle natural contact shadow. Realistic materials, print quality and paper/fabric texture. Branding: the attached image is the Outprint logo (a blue wordmark with a small coral bar under the 'O'). Print this logo faithfully on the product — on a business card, the card front; on a box, the lid or side panel; on apparel, the chest; on a sticker, the sticker face; on a bag, the front; and so on — sized and placed the way a real branded product would carry it. The only readable text anywhere in the image is the brand name 'Outprint', spelled exactly O-u-t-p-r-i-n-t. Do not invent any other words, names, phone numbers, emails or lorem ipsum. Keep the design otherwise clean and minimal, using white or light neutral materials so the blue logo stands out. No people, no hands, no watermark, no border or frame, no extra props competing with the product. Square 1:1 composition."
"081","premium-roll-up-banner","Premium Roll-Up Banner","Large Prints > Roll-up Banners","Professional e-commerce studio product photograph of: Premium Roll-Up Banner. A wider, heavier-duty base with double-sided printing available — built for daily setup and teardown at trade shows. Product category: Large Prints > Roll-up Banners. Show the product exactly as it would be sold — complete, undistorted, in a flattering three-quarter hero angle, centered with generous empty margin around it. Background: clean seamless very light warm-grey (#F2F2F0). Lighting: soft diffused studio light with a gentle natural contact shadow. Realistic materials, print quality and paper/fabric texture. Branding: the attached image is the Outprint logo (a blue wordmark with a small coral bar under the 'O'). Print this logo faithfully on the product — on a business card, the card front; on a box, the lid or side panel; on apparel, the chest; on a sticker, the sticker face; on a bag, the front; and so on — sized and placed the way a real branded product would carry it. The only readable text anywhere in the image is the brand name 'Outprint', spelled exactly O-u-t-p-r-i-n-t. Do not invent any other words, names, phone numbers, emails or lorem ipsum. Keep the design otherwise clean and minimal, using white or light neutral materials so the blue logo stands out. No people, no hands, no watermark, no border or frame, no extra props competing with the product. Square 1:1 composition."
"082","custom-printed-banners","Custom Printed Banners","Large Prints > Backdrop Banners","Professional e-commerce studio product photograph of: Custom Printed Banners. A general-purpose large-format vinyl banner made to your exact cm dimensions — for storefronts, launches and indoor or outdoor display. Product category: Large Prints > Backdrop Banners. Show the product exactly as it would be sold — complete, undistorted, in a flattering three-quarter hero angle, centered with generous empty margin around it. Background: clean seamless very light warm-grey (#F2F2F0). Lighting: soft diffused studio light with a gentle natural contact shadow. Realistic materials, print quality and paper/fabric texture. Branding: the attached image is the Outprint logo (a blue wordmark with a small coral bar under the 'O'). Print this logo faithfully on the product — on a business card, the card front; on a box, the lid or side panel; on apparel, the chest; on a sticker, the sticker face; on a bag, the front; and so on — sized and placed the way a real branded product would carry it. The only readable text anywhere in the image is the brand name 'Outprint', spelled exactly O-u-t-p-r-i-n-t. Do not invent any other words, names, phone numbers, emails or lorem ipsum. Keep the design otherwise clean and minimal, using white or light neutral materials so the blue logo stands out. No people, no hands, no watermark, no border or frame, no extra props competing with the product. Square 1:1 composition."
"083","backdrop-banner","Backdrop Banner","Large Prints > Backdrop Banners","Professional e-commerce studio product photograph of: Backdrop Banner. A step-and-repeat or photo-op backdrop in wrinkle-resistant fabric or vinyl, sized for a full-body photo background. Product category: Large Prints > Backdrop Banners. Show the product exactly as it would be sold — complete, undistorted, in a flattering three-quarter hero angle, centered with generous empty margin around it. Background: clean seamless very light warm-grey (#F2F2F0). Lighting: soft diffused studio light with a gentle natural contact shadow. Realistic materials, print quality and paper/fabric texture. Branding: the attached image is the Outprint logo (a blue wordmark with a small coral bar under the 'O'). Print this logo faithfully on the product — on a business card, the card front; on a box, the lid or side panel; on apparel, the chest; on a sticker, the sticker face; on a bag, the front; and so on — sized and placed the way a real branded product would carry it. The only readable text anywhere in the image is the brand name 'Outprint', spelled exactly O-u-t-p-r-i-n-t. Do not invent any other words, names, phone numbers, emails or lorem ipsum. Keep the design otherwise clean and minimal, using white or light neutral materials so the blue logo stands out. No people, no hands, no watermark, no border or frame, no extra props competing with the product. Square 1:1 composition."
"084","5mm-foam-board-panel","5mm Foam Board Panel","Large Prints > Foam Board Panels","Professional e-commerce studio product photograph of: 5mm Foam Board Panel. A lightweight 5mm rigid foam board panel, printed and laminated — easy to hang, easy to carry. Product category: Large Prints > Foam Board Panels. Show the product exactly as it would be sold — complete, undistorted, in a flattering three-quarter hero angle, centered with generous empty margin around it. Background: clean seamless very light warm-grey (#F2F2F0). Lighting: soft diffused studio light with a gentle natural contact shadow. Realistic materials, print quality and paper/fabric texture. Branding: the attached image is the Outprint logo (a blue wordmark with a small coral bar under the 'O'). Print this logo faithfully on the product — on a business card, the card front; on a box, the lid or side panel; on apparel, the chest; on a sticker, the sticker face; on a bag, the front; and so on — sized and placed the way a real branded product would carry it. The only readable text anywhere in the image is the brand name 'Outprint', spelled exactly O-u-t-p-r-i-n-t. Do not invent any other words, names, phone numbers, emails or lorem ipsum. Keep the design otherwise clean and minimal, using white or light neutral materials so the blue logo stands out. No people, no hands, no watermark, no border or frame, no extra props competing with the product. Square 1:1 composition."
"085","10mm-foam-board-panel","10mm Foam Board Panel","Large Prints > Foam Board Panels","Professional e-commerce studio product photograph of: 10mm Foam Board Panel. A thicker, stiffer 10mm foam board panel for larger displays that need to resist warping. Product category: Large Prints > Foam Board Panels. Show the product exactly as it would be sold — complete, undistorted, in a flattering three-quarter hero angle, centered with generous empty margin around it. Background: clean seamless very light warm-grey (#F2F2F0). Lighting: soft diffused studio light with a gentle natural contact shadow. Realistic materials, print quality and paper/fabric texture. Branding: the attached image is the Outprint logo (a blue wordmark with a small coral bar under the 'O'). Print this logo faithfully on the product — on a business card, the card front; on a box, the lid or side panel; on apparel, the chest; on a sticker, the sticker face; on a bag, the front; and so on — sized and placed the way a real branded product would carry it. The only readable text anywhere in the image is the brand name 'Outprint', spelled exactly O-u-t-p-r-i-n-t. Do not invent any other words, names, phone numbers, emails or lorem ipsum. Keep the design otherwise clean and minimal, using white or light neutral materials so the blue logo stands out. No people, no hands, no watermark, no border or frame, no extra props competing with the product. Square 1:1 composition."
"086","large-stickers","Large Stickers","Large Prints > Large Format","Professional e-commerce studio product photograph of: Large Stickers. Oversized die-cut or square decals for walls, windows and vehicles — printed on removable or permanent vinyl. Product category: Large Prints > Large Format. Show the product exactly as it would be sold — complete, undistorted, in a flattering three-quarter hero angle, centered with generous empty margin around it. Background: clean seamless very light warm-grey (#F2F2F0). Lighting: soft diffused studio light with a gentle natural contact shadow. Realistic materials, print quality and paper/fabric texture. Branding: the attached image is the Outprint logo (a blue wordmark with a small coral bar under the 'O'). Print this logo faithfully on the product — on a business card, the card front; on a box, the lid or side panel; on apparel, the chest; on a sticker, the sticker face; on a bag, the front; and so on — sized and placed the way a real branded product would carry it. The only readable text anywhere in the image is the brand name 'Outprint', spelled exactly O-u-t-p-r-i-n-t. Do not invent any other words, names, phone numbers, emails or lorem ipsum. Keep the design otherwise clean and minimal, using white or light neutral materials so the blue logo stands out. No people, no hands, no watermark, no border or frame, no extra props competing with the product. Square 1:1 composition."
"087","large-posters","Large Posters","Large Prints > Large Format","Professional e-commerce studio product photograph of: Large Posters. Exhibition-grade large-format posters up to 2 meters, for trade shows, retail windows and gallery display. Product category: Large Prints > Large Format. Show the product exactly as it would be sold — complete, undistorted, in a flattering three-quarter hero angle, centered with generous empty margin around it. Background: clean seamless very light warm-grey (#F2F2F0). Lighting: soft diffused studio light with a gentle natural contact shadow. Realistic materials, print quality and paper/fabric texture. Branding: the attached image is the Outprint logo (a blue wordmark with a small coral bar under the 'O'). Print this logo faithfully on the product — on a business card, the card front; on a box, the lid or side panel; on apparel, the chest; on a sticker, the sticker face; on a bag, the front; and so on — sized and placed the way a real branded product would carry it. The only readable text anywhere in the image is the brand name 'Outprint', spelled exactly O-u-t-p-r-i-n-t. Do not invent any other words, names, phone numbers, emails or lorem ipsum. Keep the design otherwise clean and minimal, using white or light neutral materials so the blue logo stands out. No people, no hands, no watermark, no border or frame, no extra props competing with the product. Square 1:1 composition."
"088","rolled-canvas-print","Rolled Canvas Print","Large Prints > Canvas Prints","Professional e-commerce studio product photograph of: Rolled Canvas Print. Your image printed on canvas and shipped rolled, unframed — the flexible option for framing later or shipping abroad. Product category: Large Prints > Canvas Prints. Show the product exactly as it would be sold — complete, undistorted, in a flattering three-quarter hero angle, centered with generous empty margin around it. Background: clean seamless very light warm-grey (#F2F2F0). Lighting: soft diffused studio light with a gentle natural contact shadow. Realistic materials, print quality and paper/fabric texture. Branding: the attached image is the Outprint logo (a blue wordmark with a small coral bar under the 'O'). Print this logo faithfully on the product — on a business card, the card front; on a box, the lid or side panel; on apparel, the chest; on a sticker, the sticker face; on a bag, the front; and so on — sized and placed the way a real branded product would carry it. The only readable text anywhere in the image is the brand name 'Outprint', spelled exactly O-u-t-p-r-i-n-t. Do not invent any other words, names, phone numbers, emails or lorem ipsum. Keep the design otherwise clean and minimal, using white or light neutral materials so the blue logo stands out. No people, no hands, no watermark, no border or frame, no extra props competing with the product. Square 1:1 composition."
"089","stretched-canvas-print","Stretched Canvas Print","Large Prints > Canvas Prints","Professional e-commerce studio product photograph of: Stretched Canvas Print. Canvas stretched taut over a solid wooden frame with gallery-wrapped edges — ready to hang straight out of the box. Product category: Large Prints > Canvas Prints. Show the product exactly as it would be sold — complete, undistorted, in a flattering three-quarter hero angle, centered with generous empty margin around it. Background: clean seamless very light warm-grey (#F2F2F0). Lighting: soft diffused studio light with a gentle natural contact shadow. Realistic materials, print quality and paper/fabric texture. Branding: the attached image is the Outprint logo (a blue wordmark with a small coral bar under the 'O'). Print this logo faithfully on the product — on a business card, the card front; on a box, the lid or side panel; on apparel, the chest; on a sticker, the sticker face; on a bag, the front; and so on — sized and placed the way a real branded product would carry it. The only readable text anywhere in the image is the brand name 'Outprint', spelled exactly O-u-t-p-r-i-n-t. Do not invent any other words, names, phone numbers, emails or lorem ipsum. Keep the design otherwise clean and minimal, using white or light neutral materials so the blue logo stands out. No people, no hands, no watermark, no border or frame, no extra props competing with the product. Square 1:1 composition."
"090","classic-framed-canvas","Classic Framed Canvas","Large Prints > Canvas Prints","Professional e-commerce studio product photograph of: Classic Framed Canvas. A stretched canvas print finished with an additional outer wooden frame, for a traditional gallery presentation. Product category: Large Prints > Canvas Prints. Show the product exactly as it would be sold — complete, undistorted, in a flattering three-quarter hero angle, centered with generous empty margin around it. Background: clean seamless very light warm-grey (#F2F2F0). Lighting: soft diffused studio light with a gentle natural contact shadow. Realistic materials, print quality and paper/fabric texture. Branding: the attached image is the Outprint logo (a blue wordmark with a small coral bar under the 'O'). Print this logo faithfully on the product — on a business card, the card front; on a box, the lid or side panel; on apparel, the chest; on a sticker, the sticker face; on a bag, the front; and so on — sized and placed the way a real branded product would carry it. The only readable text anywhere in the image is the brand name 'Outprint', spelled exactly O-u-t-p-r-i-n-t. Do not invent any other words, names, phone numbers, emails or lorem ipsum. Keep the design otherwise clean and minimal, using white or light neutral materials so the blue logo stands out. No people, no hands, no watermark, no border or frame, no extra props competing with the product. Square 1:1 composition."
"091","pop-up-banner-hardcase-straight","Pop-Up Banner Hardcase (Straight)","Large Prints > Display Stands","Professional e-commerce studio product photograph of: Pop-Up Banner Hardcase (Straight). A tension-fabric pop-up display system with a straight profile, packed into its own wheeled hardcase for trade show travel. Product category: Large Prints > Display Stands. Show the product exactly as it would be sold — complete, undistorted, in a flattering three-quarter hero angle, centered with generous empty margin around it. Background: clean seamless very light warm-grey (#F2F2F0). Lighting: soft diffused studio light with a gentle natural contact shadow. Realistic materials, print quality and paper/fabric texture. Branding: the attached image is the Outprint logo (a blue wordmark with a small coral bar under the 'O'). Print this logo faithfully on the product — on a business card, the card front; on a box, the lid or side panel; on apparel, the chest; on a sticker, the sticker face; on a bag, the front; and so on — sized and placed the way a real branded product would carry it. The only readable text anywhere in the image is the brand name 'Outprint', spelled exactly O-u-t-p-r-i-n-t. Do not invent any other words, names, phone numbers, emails or lorem ipsum. Keep the design otherwise clean and minimal, using white or light neutral materials so the blue logo stands out. No people, no hands, no watermark, no border or frame, no extra props competing with the product. Square 1:1 composition."
"092","spring-a-board","Spring A-Board","Large Prints > Display Stands","Professional e-commerce studio product photograph of: Spring A-Board. A weatherproof spring-hinged A-frame pavement sign that folds flat for storage between uses. Product category: Large Prints > Display Stands. Show the product exactly as it would be sold — complete, undistorted, in a flattering three-quarter hero angle, centered with generous empty margin around it. Background: clean seamless very light warm-grey (#F2F2F0). Lighting: soft diffused studio light with a gentle natural contact shadow. Realistic materials, print quality and paper/fabric texture. Branding: the attached image is the Outprint logo (a blue wordmark with a small coral bar under the 'O'). Print this logo faithfully on the product — on a business card, the card front; on a box, the lid or side panel; on apparel, the chest; on a sticker, the sticker face; on a bag, the front; and so on — sized and placed the way a real branded product would carry it. The only readable text anywhere in the image is the brand name 'Outprint', spelled exactly O-u-t-p-r-i-n-t. Do not invent any other words, names, phone numbers, emails or lorem ipsum. Keep the design otherwise clean and minimal, using white or light neutral materials so the blue logo stands out. No people, no hands, no watermark, no border or frame, no extra props competing with the product. Square 1:1 composition."
"093","sail-flag","Sail Flag","Large Prints > Display Stands","Professional e-commerce studio product photograph of: Sail Flag. A feather-shaped sail flag on a pole and cross base, printed full color for outdoor visibility at events and forecourts. Product category: Large Prints > Display Stands. Show the product exactly as it would be sold — complete, undistorted, in a flattering three-quarter hero angle, centered with generous empty margin around it. Background: clean seamless very light warm-grey (#F2F2F0). Lighting: soft diffused studio light with a gentle natural contact shadow. Realistic materials, print quality and paper/fabric texture. Branding: the attached image is the Outprint logo (a blue wordmark with a small coral bar under the 'O'). Print this logo faithfully on the product — on a business card, the card front; on a box, the lid or side panel; on apparel, the chest; on a sticker, the sticker face; on a bag, the front; and so on — sized and placed the way a real branded product would carry it. The only readable text anywhere in the image is the brand name 'Outprint', spelled exactly O-u-t-p-r-i-n-t. Do not invent any other words, names, phone numbers, emails or lorem ipsum. Keep the design otherwise clean and minimal, using white or light neutral materials so the blue logo stands out. No people, no hands, no watermark, no border or frame, no extra props competing with the product. Square 1:1 composition."
"094","custom-table-cloth","Custom Table Cloth","Large Prints > Display Stands","Professional e-commerce studio product photograph of: Custom Table Cloth. A fitted or full-drop table throw printed edge-to-edge with your branding, sized for standard trade show tables. Product category: Large Prints > Display Stands. Show the product exactly as it would be sold — complete, undistorted, in a flattering three-quarter hero angle, centered with generous empty margin around it. Background: clean seamless very light warm-grey (#F2F2F0). Lighting: soft diffused studio light with a gentle natural contact shadow. Realistic materials, print quality and paper/fabric texture. Branding: the attached image is the Outprint logo (a blue wordmark with a small coral bar under the 'O'). Print this logo faithfully on the product — on a business card, the card front; on a box, the lid or side panel; on apparel, the chest; on a sticker, the sticker face; on a bag, the front; and so on — sized and placed the way a real branded product would carry it. The only readable text anywhere in the image is the brand name 'Outprint', spelled exactly O-u-t-p-r-i-n-t. Do not invent any other words, names, phone numbers, emails or lorem ipsum. Keep the design otherwise clean and minimal, using white or light neutral materials so the blue logo stands out. No people, no hands, no watermark, no border or frame, no extra props competing with the product. Square 1:1 composition."
"095","plastic-pens","Plastic Pens","Gift Prints > Corporate Gifts","Professional e-commerce studio product photograph of: Plastic Pens. Branded plastic ballpoint pens — the most economical corporate giveaway, printed with your logo. Product category: Gift Prints > Corporate Gifts. Show the product exactly as it would be sold — complete, undistorted, in a flattering three-quarter hero angle, centered with generous empty margin around it. Background: clean seamless very light warm-grey (#F2F2F0). Lighting: soft diffused studio light with a gentle natural contact shadow. Realistic materials, print quality and paper/fabric texture. Branding: the attached image is the Outprint logo (a blue wordmark with a small coral bar under the 'O'). Print this logo faithfully on the product — on a business card, the card front; on a box, the lid or side panel; on apparel, the chest; on a sticker, the sticker face; on a bag, the front; and so on — sized and placed the way a real branded product would carry it. The only readable text anywhere in the image is the brand name 'Outprint', spelled exactly O-u-t-p-r-i-n-t. Do not invent any other words, names, phone numbers, emails or lorem ipsum. Keep the design otherwise clean and minimal, using white or light neutral materials so the blue logo stands out. No people, no hands, no watermark, no border or frame, no extra props competing with the product. Square 1:1 composition."
"096","metal-pens","Metal Pens","Gift Prints > Corporate Gifts","Professional e-commerce studio product photograph of: Metal Pens. A heavier metal-barrel ballpoint pen with a satin or gunmetal finish, for a gift that feels more substantial. Product category: Gift Prints > Corporate Gifts. Show the product exactly as it would be sold — complete, undistorted, in a flattering three-quarter hero angle, centered with generous empty margin around it. Background: clean seamless very light warm-grey (#F2F2F0). Lighting: soft diffused studio light with a gentle natural contact shadow. Realistic materials, print quality and paper/fabric texture. Branding: the attached image is the Outprint logo (a blue wordmark with a small coral bar under the 'O'). Print this logo faithfully on the product — on a business card, the card front; on a box, the lid or side panel; on apparel, the chest; on a sticker, the sticker face; on a bag, the front; and so on — sized and placed the way a real branded product would carry it. The only readable text anywhere in the image is the brand name 'Outprint', spelled exactly O-u-t-p-r-i-n-t. Do not invent any other words, names, phone numbers, emails or lorem ipsum. Keep the design otherwise clean and minimal, using white or light neutral materials so the blue logo stands out. No people, no hands, no watermark, no border or frame, no extra props competing with the product. Square 1:1 composition."
"097","metal-business-card-case","Metal Business Card Case","Gift Prints > Corporate Gifts","Professional e-commerce studio product photograph of: Metal Business Card Case. A slim metal case that holds a stack of business cards protected in a jacket or bag pocket. Product category: Gift Prints > Corporate Gifts. Show the product exactly as it would be sold — complete, undistorted, in a flattering three-quarter hero angle, centered with generous empty margin around it. Background: clean seamless very light warm-grey (#F2F2F0). Lighting: soft diffused studio light with a gentle natural contact shadow. Realistic materials, print quality and paper/fabric texture. Branding: the attached image is the Outprint logo (a blue wordmark with a small coral bar under the 'O'). Print this logo faithfully on the product — on a business card, the card front; on a box, the lid or side panel; on apparel, the chest; on a sticker, the sticker face; on a bag, the front; and so on — sized and placed the way a real branded product would carry it. The only readable text anywhere in the image is the brand name 'Outprint', spelled exactly O-u-t-p-r-i-n-t. Do not invent any other words, names, phone numbers, emails or lorem ipsum. Keep the design otherwise clean and minimal, using white or light neutral materials so the blue logo stands out. No people, no hands, no watermark, no border or frame, no extra props competing with the product. Square 1:1 composition."
"098","usb-card-sticks","USB Card Sticks","Gift Prints > Corporate Gifts","Professional e-commerce studio product photograph of: USB Card Sticks. A credit-card-shaped USB flash drive that snaps out a full-size connector, printed edge-to-edge with your branding. Product category: Gift Prints > Corporate Gifts. Show the product exactly as it would be sold — complete, undistorted, in a flattering three-quarter hero angle, centered with generous empty margin around it. Background: clean seamless very light warm-grey (#F2F2F0). Lighting: soft diffused studio light with a gentle natural contact shadow. Realistic materials, print quality and paper/fabric texture. Branding: the attached image is the Outprint logo (a blue wordmark with a small coral bar under the 'O'). Print this logo faithfully on the product — on a business card, the card front; on a box, the lid or side panel; on apparel, the chest; on a sticker, the sticker face; on a bag, the front; and so on — sized and placed the way a real branded product would carry it. The only readable text anywhere in the image is the brand name 'Outprint', spelled exactly O-u-t-p-r-i-n-t. Do not invent any other words, names, phone numbers, emails or lorem ipsum. Keep the design otherwise clean and minimal, using white or light neutral materials so the blue logo stands out. No people, no hands, no watermark, no border or frame, no extra props competing with the product. Square 1:1 composition."
"099","mouse-pads","Mouse Pads","Gift Prints > Corporate Gifts","Professional e-commerce studio product photograph of: Mouse Pads. A full-color printed mouse pad with a cloth top and non-slip rubber base. Product category: Gift Prints > Corporate Gifts. Show the product exactly as it would be sold — complete, undistorted, in a flattering three-quarter hero angle, centered with generous empty margin around it. Background: clean seamless very light warm-grey (#F2F2F0). Lighting: soft diffused studio light with a gentle natural contact shadow. Realistic materials, print quality and paper/fabric texture. Branding: the attached image is the Outprint logo (a blue wordmark with a small coral bar under the 'O'). Print this logo faithfully on the product — on a business card, the card front; on a box, the lid or side panel; on apparel, the chest; on a sticker, the sticker face; on a bag, the front; and so on — sized and placed the way a real branded product would carry it. The only readable text anywhere in the image is the brand name 'Outprint', spelled exactly O-u-t-p-r-i-n-t. Do not invent any other words, names, phone numbers, emails or lorem ipsum. Keep the design otherwise clean and minimal, using white or light neutral materials so the blue logo stands out. No people, no hands, no watermark, no border or frame, no extra props competing with the product. Square 1:1 composition."
"100","power-banks","Power Banks","Gift Prints > Corporate Gifts","Professional e-commerce studio product photograph of: Power Banks. A portable USB power bank printed with your logo — a high-utility gift that keeps your brand in daily use. Product category: Gift Prints > Corporate Gifts. Show the product exactly as it would be sold — complete, undistorted, in a flattering three-quarter hero angle, centered with generous empty margin around it. Background: clean seamless very light warm-grey (#F2F2F0). Lighting: soft diffused studio light with a gentle natural contact shadow. Realistic materials, print quality and paper/fabric texture. Branding: the attached image is the Outprint logo (a blue wordmark with a small coral bar under the 'O'). Print this logo faithfully on the product — on a business card, the card front; on a box, the lid or side panel; on apparel, the chest; on a sticker, the sticker face; on a bag, the front; and so on — sized and placed the way a real branded product would carry it. The only readable text anywhere in the image is the brand name 'Outprint', spelled exactly O-u-t-p-r-i-n-t. Do not invent any other words, names, phone numbers, emails or lorem ipsum. Keep the design otherwise clean and minimal, using white or light neutral materials so the blue logo stands out. No people, no hands, no watermark, no border or frame, no extra props competing with the product. Square 1:1 composition."
"101","coffee-mugs-gloss-finish","Coffee Mugs (Gloss Finish)","Gift Prints > Corporate Gifts","Professional e-commerce studio product photograph of: Coffee Mugs (Gloss Finish). A ceramic coffee mug in a bright gloss finish, full-color wrap printed and dishwasher safe. Product category: Gift Prints > Corporate Gifts. Show the product exactly as it would be sold — complete, undistorted, in a flattering three-quarter hero angle, centered with generous empty margin around it. Background: clean seamless very light warm-grey (#F2F2F0). Lighting: soft diffused studio light with a gentle natural contact shadow. Realistic materials, print quality and paper/fabric texture. Branding: the attached image is the Outprint logo (a blue wordmark with a small coral bar under the 'O'). Print this logo faithfully on the product — on a business card, the card front; on a box, the lid or side panel; on apparel, the chest; on a sticker, the sticker face; on a bag, the front; and so on — sized and placed the way a real branded product would carry it. The only readable text anywhere in the image is the brand name 'Outprint', spelled exactly O-u-t-p-r-i-n-t. Do not invent any other words, names, phone numbers, emails or lorem ipsum. Keep the design otherwise clean and minimal, using white or light neutral materials so the blue logo stands out. No people, no hands, no watermark, no border or frame, no extra props competing with the product. Square 1:1 composition."
"102","metal-key-ring","Metal Key Ring","Gift Prints > Corporate Gifts","Professional e-commerce studio product photograph of: Metal Key Ring. A durable metal keychain with your logo laser-etched or printed onto the tag. Product category: Gift Prints > Corporate Gifts. Show the product exactly as it would be sold — complete, undistorted, in a flattering three-quarter hero angle, centered with generous empty margin around it. Background: clean seamless very light warm-grey (#F2F2F0). Lighting: soft diffused studio light with a gentle natural contact shadow. Realistic materials, print quality and paper/fabric texture. Branding: the attached image is the Outprint logo (a blue wordmark with a small coral bar under the 'O'). Print this logo faithfully on the product — on a business card, the card front; on a box, the lid or side panel; on apparel, the chest; on a sticker, the sticker face; on a bag, the front; and so on — sized and placed the way a real branded product would carry it. The only readable text anywhere in the image is the brand name 'Outprint', spelled exactly O-u-t-p-r-i-n-t. Do not invent any other words, names, phone numbers, emails or lorem ipsum. Keep the design otherwise clean and minimal, using white or light neutral materials so the blue logo stands out. No people, no hands, no watermark, no border or frame, no extra props competing with the product. Square 1:1 composition."
"103","plastic-id-cards","Plastic ID Cards","Gift Prints > Corporate Gifts","Professional e-commerce studio product photograph of: Plastic ID Cards. Printed PVC identity cards for staff, events or membership programs. Product category: Gift Prints > Corporate Gifts. Show the product exactly as it would be sold — complete, undistorted, in a flattering three-quarter hero angle, centered with generous empty margin around it. Background: clean seamless very light warm-grey (#F2F2F0). Lighting: soft diffused studio light with a gentle natural contact shadow. Realistic materials, print quality and paper/fabric texture. Branding: the attached image is the Outprint logo (a blue wordmark with a small coral bar under the 'O'). Print this logo faithfully on the product — on a business card, the card front; on a box, the lid or side panel; on apparel, the chest; on a sticker, the sticker face; on a bag, the front; and so on — sized and placed the way a real branded product would carry it. The only readable text anywhere in the image is the brand name 'Outprint', spelled exactly O-u-t-p-r-i-n-t. Do not invent any other words, names, phone numbers, emails or lorem ipsum. Keep the design otherwise clean and minimal, using white or light neutral materials so the blue logo stands out. No people, no hands, no watermark, no border or frame, no extra props competing with the product. Square 1:1 composition."
"104","magnet-name-badges","Magnet Name Badges","Gift Prints > Corporate Gifts","Professional e-commerce studio product photograph of: Magnet Name Badges. A no-pinhole magnetic name badge that clips through fabric without damaging it. Product category: Gift Prints > Corporate Gifts. Show the product exactly as it would be sold — complete, undistorted, in a flattering three-quarter hero angle, centered with generous empty margin around it. Background: clean seamless very light warm-grey (#F2F2F0). Lighting: soft diffused studio light with a gentle natural contact shadow. Realistic materials, print quality and paper/fabric texture. Branding: the attached image is the Outprint logo (a blue wordmark with a small coral bar under the 'O'). Print this logo faithfully on the product — on a business card, the card front; on a box, the lid or side panel; on apparel, the chest; on a sticker, the sticker face; on a bag, the front; and so on — sized and placed the way a real branded product would carry it. The only readable text anywhere in the image is the brand name 'Outprint', spelled exactly O-u-t-p-r-i-n-t. Do not invent any other words, names, phone numbers, emails or lorem ipsum. Keep the design otherwise clean and minimal, using white or light neutral materials so the blue logo stands out. No people, no hands, no watermark, no border or frame, no extra props competing with the product. Square 1:1 composition."
"105","a5-pu-leather-notebooks","A5 PU Leather Notebooks","Gift Prints > Corporate Gifts","Professional e-commerce studio product photograph of: A5 PU Leather Notebooks. An A5 notebook bound in soft PU leather with a debossed or foiled logo on the cover. Product category: Gift Prints > Corporate Gifts. Show the product exactly as it would be sold — complete, undistorted, in a flattering three-quarter hero angle, centered with generous empty margin around it. Background: clean seamless very light warm-grey (#F2F2F0). Lighting: soft diffused studio light with a gentle natural contact shadow. Realistic materials, print quality and paper/fabric texture. Branding: the attached image is the Outprint logo (a blue wordmark with a small coral bar under the 'O'). Print this logo faithfully on the product — on a business card, the card front; on a box, the lid or side panel; on apparel, the chest; on a sticker, the sticker face; on a bag, the front; and so on — sized and placed the way a real branded product would carry it. The only readable text anywhere in the image is the brand name 'Outprint', spelled exactly O-u-t-p-r-i-n-t. Do not invent any other words, names, phone numbers, emails or lorem ipsum. Keep the design otherwise clean and minimal, using white or light neutral materials so the blue logo stands out. No people, no hands, no watermark, no border or frame, no extra props competing with the product. Square 1:1 composition."
"106","cotton-tote-bags","Cotton Tote Bags","Gift Prints > Corporate Gifts","Professional e-commerce studio product photograph of: Cotton Tote Bags. A sturdy cotton canvas tote screen-printed with your logo — a practical, reusable giveaway. Product category: Gift Prints > Corporate Gifts. Show the product exactly as it would be sold — complete, undistorted, in a flattering three-quarter hero angle, centered with generous empty margin around it. Background: clean seamless very light warm-grey (#F2F2F0). Lighting: soft diffused studio light with a gentle natural contact shadow. Realistic materials, print quality and paper/fabric texture. Branding: the attached image is the Outprint logo (a blue wordmark with a small coral bar under the 'O'). Print this logo faithfully on the product — on a business card, the card front; on a box, the lid or side panel; on apparel, the chest; on a sticker, the sticker face; on a bag, the front; and so on — sized and placed the way a real branded product would carry it. The only readable text anywhere in the image is the brand name 'Outprint', spelled exactly O-u-t-p-r-i-n-t. Do not invent any other words, names, phone numbers, emails or lorem ipsum. Keep the design otherwise clean and minimal, using white or light neutral materials so the blue logo stands out. No people, no hands, no watermark, no border or frame, no extra props competing with the product. Square 1:1 composition."
"107","custom-water-bottles","Custom Water Bottles","Gift Prints > Corporate Gifts","Professional e-commerce studio product photograph of: Custom Water Bottles. An insulated stainless steel or aluminum water bottle, laser-etched or printed with your branding. Product category: Gift Prints > Corporate Gifts. Show the product exactly as it would be sold — complete, undistorted, in a flattering three-quarter hero angle, centered with generous empty margin around it. Background: clean seamless very light warm-grey (#F2F2F0). Lighting: soft diffused studio light with a gentle natural contact shadow. Realistic materials, print quality and paper/fabric texture. Branding: the attached image is the Outprint logo (a blue wordmark with a small coral bar under the 'O'). Print this logo faithfully on the product — on a business card, the card front; on a box, the lid or side panel; on apparel, the chest; on a sticker, the sticker face; on a bag, the front; and so on — sized and placed the way a real branded product would carry it. The only readable text anywhere in the image is the brand name 'Outprint', spelled exactly O-u-t-p-r-i-n-t. Do not invent any other words, names, phone numbers, emails or lorem ipsum. Keep the design otherwise clean and minimal, using white or light neutral materials so the blue logo stands out. No people, no hands, no watermark, no border or frame, no extra props competing with the product. Square 1:1 composition."
"108","pvc-nfc-cards","PVC NFC Cards","Gift Prints > Corporate Gifts","Professional e-commerce studio product photograph of: PVC NFC Cards. A tap-to-share smart PVC card with an embedded NFC chip, programmed to open your link, profile or menu. Product category: Gift Prints > Corporate Gifts. Show the product exactly as it would be sold — complete, undistorted, in a flattering three-quarter hero angle, centered with generous empty margin around it. Background: clean seamless very light warm-grey (#F2F2F0). Lighting: soft diffused studio light with a gentle natural contact shadow. Realistic materials, print quality and paper/fabric texture. Branding: the attached image is the Outprint logo (a blue wordmark with a small coral bar under the 'O'). Print this logo faithfully on the product — on a business card, the card front; on a box, the lid or side panel; on apparel, the chest; on a sticker, the sticker face; on a bag, the front; and so on — sized and placed the way a real branded product would carry it. The only readable text anywhere in the image is the brand name 'Outprint', spelled exactly O-u-t-p-r-i-n-t. Do not invent any other words, names, phone numbers, emails or lorem ipsum. Keep the design otherwise clean and minimal, using white or light neutral materials so the blue logo stands out. No people, no hands, no watermark, no border or frame, no extra props competing with the product. Square 1:1 composition."
"109","photo-strips","Photo Strips","Gift Prints > Photo Gifts","Professional e-commerce studio product photograph of: Photo Strips. Photobooth-style photo strips printed on glossy or matte photo paper — a popular wedding and event favor. Product category: Gift Prints > Photo Gifts. Show the product exactly as it would be sold — complete, undistorted, in a flattering three-quarter hero angle, centered with generous empty margin around it. Background: clean seamless very light warm-grey (#F2F2F0). Lighting: soft diffused studio light with a gentle natural contact shadow. Realistic materials, print quality and paper/fabric texture. Branding: the attached image is the Outprint logo (a blue wordmark with a small coral bar under the 'O'). Print this logo faithfully on the product — on a business card, the card front; on a box, the lid or side panel; on apparel, the chest; on a sticker, the sticker face; on a bag, the front; and so on — sized and placed the way a real branded product would carry it. The only readable text anywhere in the image is the brand name 'Outprint', spelled exactly O-u-t-p-r-i-n-t. Do not invent any other words, names, phone numbers, emails or lorem ipsum. Keep the design otherwise clean and minimal, using white or light neutral materials so the blue logo stands out. No people, no hands, no watermark, no border or frame, no extra props competing with the product. Square 1:1 composition."
"110","photo-mini-books","Photo Mini Books","Gift Prints > Photo Gifts","Professional e-commerce studio product photograph of: Photo Mini Books. A small flip-through photo book with a soft or hard cover, perfect as a pocket-sized keepsake. Product category: Gift Prints > Photo Gifts. Show the product exactly as it would be sold — complete, undistorted, in a flattering three-quarter hero angle, centered with generous empty margin around it. Background: clean seamless very light warm-grey (#F2F2F0). Lighting: soft diffused studio light with a gentle natural contact shadow. Realistic materials, print quality and paper/fabric texture. Branding: the attached image is the Outprint logo (a blue wordmark with a small coral bar under the 'O'). Print this logo faithfully on the product — on a business card, the card front; on a box, the lid or side panel; on apparel, the chest; on a sticker, the sticker face; on a bag, the front; and so on — sized and placed the way a real branded product would carry it. The only readable text anywhere in the image is the brand name 'Outprint', spelled exactly O-u-t-p-r-i-n-t. Do not invent any other words, names, phone numbers, emails or lorem ipsum. Keep the design otherwise clean and minimal, using white or light neutral materials so the blue logo stands out. No people, no hands, no watermark, no border or frame, no extra props competing with the product. Square 1:1 composition."
"111","photo-greeting-cards","Photo Greeting Cards","Gift Prints > Photo Gifts","Professional e-commerce studio product photograph of: Photo Greeting Cards. A folded greeting card personalized with your photo on the front, with a matching envelope included. Product category: Gift Prints > Photo Gifts. Show the product exactly as it would be sold — complete, undistorted, in a flattering three-quarter hero angle, centered with generous empty margin around it. Background: clean seamless very light warm-grey (#F2F2F0). Lighting: soft diffused studio light with a gentle natural contact shadow. Realistic materials, print quality and paper/fabric texture. Branding: the attached image is the Outprint logo (a blue wordmark with a small coral bar under the 'O'). Print this logo faithfully on the product — on a business card, the card front; on a box, the lid or side panel; on apparel, the chest; on a sticker, the sticker face; on a bag, the front; and so on — sized and placed the way a real branded product would carry it. The only readable text anywhere in the image is the brand name 'Outprint', spelled exactly O-u-t-p-r-i-n-t. Do not invent any other words, names, phone numbers, emails or lorem ipsum. Keep the design otherwise clean and minimal, using white or light neutral materials so the blue logo stands out. No people, no hands, no watermark, no border or frame, no extra props competing with the product. Square 1:1 composition."
"112","photo-stickers","Photo Stickers","Gift Prints > Photo Gifts","Professional e-commerce studio product photograph of: Photo Stickers. Personalized photo stickers on glossy or matte vinyl — great for favors, scrapbooking and packaging. Product category: Gift Prints > Photo Gifts. Show the product exactly as it would be sold — complete, undistorted, in a flattering three-quarter hero angle, centered with generous empty margin around it. Background: clean seamless very light warm-grey (#F2F2F0). Lighting: soft diffused studio light with a gentle natural contact shadow. Realistic materials, print quality and paper/fabric texture. Branding: the attached image is the Outprint logo (a blue wordmark with a small coral bar under the 'O'). Print this logo faithfully on the product — on a business card, the card front; on a box, the lid or side panel; on apparel, the chest; on a sticker, the sticker face; on a bag, the front; and so on — sized and placed the way a real branded product would carry it. The only readable text anywhere in the image is the brand name 'Outprint', spelled exactly O-u-t-p-r-i-n-t. Do not invent any other words, names, phone numbers, emails or lorem ipsum. Keep the design otherwise clean and minimal, using white or light neutral materials so the blue logo stands out. No people, no hands, no watermark, no border or frame, no extra props competing with the product. Square 1:1 composition."
"113","photo-calendars","Photo Calendars","Gift Prints > Photo Gifts","Professional e-commerce studio product photograph of: Photo Calendars. A personalized wall calendar built around your own photos, one image per monthly spread. Product category: Gift Prints > Photo Gifts. Show the product exactly as it would be sold — complete, undistorted, in a flattering three-quarter hero angle, centered with generous empty margin around it. Background: clean seamless very light warm-grey (#F2F2F0). Lighting: soft diffused studio light with a gentle natural contact shadow. Realistic materials, print quality and paper/fabric texture. Branding: the attached image is the Outprint logo (a blue wordmark with a small coral bar under the 'O'). Print this logo faithfully on the product — on a business card, the card front; on a box, the lid or side panel; on apparel, the chest; on a sticker, the sticker face; on a bag, the front; and so on — sized and placed the way a real branded product would carry it. The only readable text anywhere in the image is the brand name 'Outprint', spelled exactly O-u-t-p-r-i-n-t. Do not invent any other words, names, phone numbers, emails or lorem ipsum. Keep the design otherwise clean and minimal, using white or light neutral materials so the blue logo stands out. No people, no hands, no watermark, no border or frame, no extra props competing with the product. Square 1:1 composition."
"114","photo-canvas","Photo Canvas","Gift Prints > Photo Gifts","Professional e-commerce studio product photograph of: Photo Canvas. Your favorite photo printed on canvas and stretched on a wooden frame, ready to hang. Product category: Gift Prints > Photo Gifts. Show the product exactly as it would be sold — complete, undistorted, in a flattering three-quarter hero angle, centered with generous empty margin around it. Background: clean seamless very light warm-grey (#F2F2F0). Lighting: soft diffused studio light with a gentle natural contact shadow. Realistic materials, print quality and paper/fabric texture. Branding: the attached image is the Outprint logo (a blue wordmark with a small coral bar under the 'O'). Print this logo faithfully on the product — on a business card, the card front; on a box, the lid or side panel; on apparel, the chest; on a sticker, the sticker face; on a bag, the front; and so on — sized and placed the way a real branded product would carry it. The only readable text anywhere in the image is the brand name 'Outprint', spelled exactly O-u-t-p-r-i-n-t. Do not invent any other words, names, phone numbers, emails or lorem ipsum. Keep the design otherwise clean and minimal, using white or light neutral materials so the blue logo stands out. No people, no hands, no watermark, no border or frame, no extra props competing with the product. Square 1:1 composition."
"115","unisex-light-weight-t-shirt","Unisex Light Weight T-Shirt","T-shirt Prints > Round Neck T-Shirts","Professional e-commerce studio product photograph of: Unisex Light Weight T-Shirt. A breathable 160gsm single-jersey cotton tee in a unisex fit — the everyday choice for event merch and team wear. Product category: T-shirt Prints > Round Neck T-Shirts. Show the product exactly as it would be sold — complete, undistorted, in a flattering three-quarter hero angle, centered with generous empty margin around it. Background: clean seamless very light warm-grey (#F2F2F0). Lighting: soft diffused studio light with a gentle natural contact shadow. Realistic materials, print quality and paper/fabric texture. Branding: the attached image is the Outprint logo (a blue wordmark with a small coral bar under the 'O'). Print this logo faithfully on the product — on a business card, the card front; on a box, the lid or side panel; on apparel, the chest; on a sticker, the sticker face; on a bag, the front; and so on — sized and placed the way a real branded product would carry it. The only readable text anywhere in the image is the brand name 'Outprint', spelled exactly O-u-t-p-r-i-n-t. Do not invent any other words, names, phone numbers, emails or lorem ipsum. Keep the design otherwise clean and minimal, using white or light neutral materials so the blue logo stands out. No people, no hands, no watermark, no border or frame, no extra props competing with the product. Square 1:1 composition."
"116","unisex-heavy-weight-t-shirt","Unisex Heavy Weight T-Shirt","T-shirt Prints > Round Neck T-Shirts","Professional e-commerce studio product photograph of: Unisex Heavy Weight T-Shirt. A substantial 220gsm cotton tee with a thicker handfeel and better shape retention through repeated washes. Product category: T-shirt Prints > Round Neck T-Shirts. Show the product exactly as it would be sold — complete, undistorted, in a flattering three-quarter hero angle, centered with generous empty margin around it. Background: clean seamless very light warm-grey (#F2F2F0). Lighting: soft diffused studio light with a gentle natural contact shadow. Realistic materials, print quality and paper/fabric texture. Branding: the attached image is the Outprint logo (a blue wordmark with a small coral bar under the 'O'). Print this logo faithfully on the product — on a business card, the card front; on a box, the lid or side panel; on apparel, the chest; on a sticker, the sticker face; on a bag, the front; and so on — sized and placed the way a real branded product would carry it. The only readable text anywhere in the image is the brand name 'Outprint', spelled exactly O-u-t-p-r-i-n-t. Do not invent any other words, names, phone numbers, emails or lorem ipsum. Keep the design otherwise clean and minimal, using white or light neutral materials so the blue logo stands out. No people, no hands, no watermark, no border or frame, no extra props competing with the product. Square 1:1 composition."
"117","kids-light-weight-t-shirt","Kids Light Weight T-Shirt","T-shirt Prints > Round Neck T-Shirts","Professional e-commerce studio product photograph of: Kids Light Weight T-Shirt. The same soft 160gsm cotton tee cut for kids, sized by age from 2-3 years up to 10-11 years. Product category: T-shirt Prints > Round Neck T-Shirts. Show the product exactly as it would be sold — complete, undistorted, in a flattering three-quarter hero angle, centered with generous empty margin around it. Background: clean seamless very light warm-grey (#F2F2F0). Lighting: soft diffused studio light with a gentle natural contact shadow. Realistic materials, print quality and paper/fabric texture. Branding: the attached image is the Outprint logo (a blue wordmark with a small coral bar under the 'O'). Print this logo faithfully on the product — on a business card, the card front; on a box, the lid or side panel; on apparel, the chest; on a sticker, the sticker face; on a bag, the front; and so on — sized and placed the way a real branded product would carry it. The only readable text anywhere in the image is the brand name 'Outprint', spelled exactly O-u-t-p-r-i-n-t. Do not invent any other words, names, phone numbers, emails or lorem ipsum. Keep the design otherwise clean and minimal, using white or light neutral materials so the blue logo stands out. No people, no hands, no watermark, no border or frame, no extra props competing with the product. Square 1:1 composition."
"118","polo-shirts","Polo Shirts","T-shirt Prints > Polo T-Shirts","Professional e-commerce studio product photograph of: Polo Shirts. A collared pique-knit polo in a structured unisex fit — the standard for staff uniforms and corporate dress codes. Product category: T-shirt Prints > Polo T-Shirts. Show the product exactly as it would be sold — complete, undistorted, in a flattering three-quarter hero angle, centered with generous empty margin around it. Background: clean seamless very light warm-grey (#F2F2F0). Lighting: soft diffused studio light with a gentle natural contact shadow. Realistic materials, print quality and paper/fabric texture. Branding: the attached image is the Outprint logo (a blue wordmark with a small coral bar under the 'O'). Print this logo faithfully on the product — on a business card, the card front; on a box, the lid or side panel; on apparel, the chest; on a sticker, the sticker face; on a bag, the front; and so on — sized and placed the way a real branded product would carry it. The only readable text anywhere in the image is the brand name 'Outprint', spelled exactly O-u-t-p-r-i-n-t. Do not invent any other words, names, phone numbers, emails or lorem ipsum. Keep the design otherwise clean and minimal, using white or light neutral materials so the blue logo stands out. No people, no hands, no watermark, no border or frame, no extra props competing with the product. Square 1:1 composition."
"119","fast-food-boxes","Fast Food Boxes","Packaging > Food Boxes","Professional e-commerce studio product photograph of: Fast Food Boxes. A single-compartment grease-resistant box for burgers, fries and takeaway meals, printed full color. Product category: Packaging > Food Boxes. Show the product exactly as it would be sold — complete, undistorted, in a flattering three-quarter hero angle, centered with generous empty margin around it. Background: clean seamless very light warm-grey (#F2F2F0). Lighting: soft diffused studio light with a gentle natural contact shadow. Realistic materials, print quality and paper/fabric texture. Branding: the attached image is the Outprint logo (a blue wordmark with a small coral bar under the 'O'). Print this logo faithfully on the product — on a business card, the card front; on a box, the lid or side panel; on apparel, the chest; on a sticker, the sticker face; on a bag, the front; and so on — sized and placed the way a real branded product would carry it. The only readable text anywhere in the image is the brand name 'Outprint', spelled exactly O-u-t-p-r-i-n-t. Do not invent any other words, names, phone numbers, emails or lorem ipsum. Keep the design otherwise clean and minimal, using white or light neutral materials so the blue logo stands out. No people, no hands, no watermark, no border or frame, no extra props competing with the product. Square 1:1 composition."
"120","bakery-food-boxes","Bakery Food Boxes","Packaging > Food Boxes","Professional e-commerce studio product photograph of: Bakery Food Boxes. A cake and pastry box sized to protect delicate bakes in transit, with an optional clear window. Product category: Packaging > Food Boxes. Show the product exactly as it would be sold — complete, undistorted, in a flattering three-quarter hero angle, centered with generous empty margin around it. Background: clean seamless very light warm-grey (#F2F2F0). Lighting: soft diffused studio light with a gentle natural contact shadow. Realistic materials, print quality and paper/fabric texture. Branding: the attached image is the Outprint logo (a blue wordmark with a small coral bar under the 'O'). Print this logo faithfully on the product — on a business card, the card front; on a box, the lid or side panel; on apparel, the chest; on a sticker, the sticker face; on a bag, the front; and so on — sized and placed the way a real branded product would carry it. The only readable text anywhere in the image is the brand name 'Outprint', spelled exactly O-u-t-p-r-i-n-t. Do not invent any other words, names, phone numbers, emails or lorem ipsum. Keep the design otherwise clean and minimal, using white or light neutral materials so the blue logo stands out. No people, no hands, no watermark, no border or frame, no extra props competing with the product. Square 1:1 composition."
"121","retail-product-box","Retail Product Box","Packaging > Product Boxes","Professional e-commerce studio product photograph of: Retail Product Box. A standard rectangular retail box for shipping and shelf display, printed full color on your choice of board. Product category: Packaging > Product Boxes. Show the product exactly as it would be sold — complete, undistorted, in a flattering three-quarter hero angle, centered with generous empty margin around it. Background: clean seamless very light warm-grey (#F2F2F0). Lighting: soft diffused studio light with a gentle natural contact shadow. Realistic materials, print quality and paper/fabric texture. Branding: the attached image is the Outprint logo (a blue wordmark with a small coral bar under the 'O'). Print this logo faithfully on the product — on a business card, the card front; on a box, the lid or side panel; on apparel, the chest; on a sticker, the sticker face; on a bag, the front; and so on — sized and placed the way a real branded product would carry it. The only readable text anywhere in the image is the brand name 'Outprint', spelled exactly O-u-t-p-r-i-n-t. Do not invent any other words, names, phone numbers, emails or lorem ipsum. Keep the design otherwise clean and minimal, using white or light neutral materials so the blue logo stands out. No people, no hands, no watermark, no border or frame, no extra props competing with the product. Square 1:1 composition."
"122","shape-product-box","Shape Product Box","Packaging > Product Boxes","Professional e-commerce studio product photograph of: Shape Product Box. A die-cut product box in a shape beyond the standard rectangle — pillow, hexagon or a custom outline of your own. Product category: Packaging > Product Boxes. Show the product exactly as it would be sold — complete, undistorted, in a flattering three-quarter hero angle, centered with generous empty margin around it. Background: clean seamless very light warm-grey (#F2F2F0). Lighting: soft diffused studio light with a gentle natural contact shadow. Realistic materials, print quality and paper/fabric texture. Branding: the attached image is the Outprint logo (a blue wordmark with a small coral bar under the 'O'). Print this logo faithfully on the product — on a business card, the card front; on a box, the lid or side panel; on apparel, the chest; on a sticker, the sticker face; on a bag, the front; and so on — sized and placed the way a real branded product would carry it. The only readable text anywhere in the image is the brand name 'Outprint', spelled exactly O-u-t-p-r-i-n-t. Do not invent any other words, names, phone numbers, emails or lorem ipsum. Keep the design otherwise clean and minimal, using white or light neutral materials so the blue logo stands out. No people, no hands, no watermark, no border or frame, no extra props competing with the product. Square 1:1 composition."
"123","glued-mailer-wallets","Glued Mailer Wallets","Packaging > Mailer Wallets","Professional e-commerce studio product photograph of: Glued Mailer Wallets. A rigid glued wallet-style mailer that opens like an envelope — built for books, prints and flat items that need a stiff mailer, not a folding box. Product category: Packaging > Mailer Wallets. Show the product exactly as it would be sold — complete, undistorted, in a flattering three-quarter hero angle, centered with generous empty margin around it. Background: clean seamless very light warm-grey (#F2F2F0). Lighting: soft diffused studio light with a gentle natural contact shadow. Realistic materials, print quality and paper/fabric texture. Branding: the attached image is the Outprint logo (a blue wordmark with a small coral bar under the 'O'). Print this logo faithfully on the product — on a business card, the card front; on a box, the lid or side panel; on apparel, the chest; on a sticker, the sticker face; on a bag, the front; and so on — sized and placed the way a real branded product would carry it. The only readable text anywhere in the image is the brand name 'Outprint', spelled exactly O-u-t-p-r-i-n-t. Do not invent any other words, names, phone numbers, emails or lorem ipsum. Keep the design otherwise clean and minimal, using white or light neutral materials so the blue logo stands out. No people, no hands, no watermark, no border or frame, no extra props competing with the product. Square 1:1 composition."
"124","countertop-display-boxes","Countertop Display Boxes","Packaging > Display Boxes","Professional e-commerce studio product photograph of: Countertop Display Boxes. A point-of-sale display box that holds multiple retail units upright on a checkout counter, litho-laminated for shelf-ready print quality. Product category: Packaging > Display Boxes. Show the product exactly as it would be sold — complete, undistorted, in a flattering three-quarter hero angle, centered with generous empty margin around it. Background: clean seamless very light warm-grey (#F2F2F0). Lighting: soft diffused studio light with a gentle natural contact shadow. Realistic materials, print quality and paper/fabric texture. Branding: the attached image is the Outprint logo (a blue wordmark with a small coral bar under the 'O'). Print this logo faithfully on the product — on a business card, the card front; on a box, the lid or side panel; on apparel, the chest; on a sticker, the sticker face; on a bag, the front; and so on — sized and placed the way a real branded product would carry it. The only readable text anywhere in the image is the brand name 'Outprint', spelled exactly O-u-t-p-r-i-n-t. Do not invent any other words, names, phone numbers, emails or lorem ipsum. Keep the design otherwise clean and minimal, using white or light neutral materials so the blue logo stands out. No people, no hands, no watermark, no border or frame, no extra props competing with the product. Square 1:1 composition."
"125","hook-display-boxes","Hook Display Boxes","Packaging > Display Boxes","Professional e-commerce studio product photograph of: Hook Display Boxes. A peg-board ready display box with a die-cut hang hole, for retail aisles and impulse-buy end caps. Product category: Packaging > Display Boxes. Show the product exactly as it would be sold — complete, undistorted, in a flattering three-quarter hero angle, centered with generous empty margin around it. Background: clean seamless very light warm-grey (#F2F2F0). Lighting: soft diffused studio light with a gentle natural contact shadow. Realistic materials, print quality and paper/fabric texture. Branding: the attached image is the Outprint logo (a blue wordmark with a small coral bar under the 'O'). Print this logo faithfully on the product — on a business card, the card front; on a box, the lid or side panel; on apparel, the chest; on a sticker, the sticker face; on a bag, the front; and so on — sized and placed the way a real branded product would carry it. The only readable text anywhere in the image is the brand name 'Outprint', spelled exactly O-u-t-p-r-i-n-t. Do not invent any other words, names, phone numbers, emails or lorem ipsum. Keep the design otherwise clean and minimal, using white or light neutral materials so the blue logo stands out. No people, no hands, no watermark, no border or frame, no extra props competing with the product. Square 1:1 composition."
"126","standard-paper-bags","Standard Paper Bags","Packaging > Paper Bags","Professional e-commerce studio product photograph of: Standard Paper Bags. A glossy laminated paper carry bag with twisted handles, printed full color for retail checkout and gifting. Product category: Packaging > Paper Bags. Show the product exactly as it would be sold — complete, undistorted, in a flattering three-quarter hero angle, centered with generous empty margin around it. Background: clean seamless very light warm-grey (#F2F2F0). Lighting: soft diffused studio light with a gentle natural contact shadow. Realistic materials, print quality and paper/fabric texture. Branding: the attached image is the Outprint logo (a blue wordmark with a small coral bar under the 'O'). Print this logo faithfully on the product — on a business card, the card front; on a box, the lid or side panel; on apparel, the chest; on a sticker, the sticker face; on a bag, the front; and so on — sized and placed the way a real branded product would carry it. The only readable text anywhere in the image is the brand name 'Outprint', spelled exactly O-u-t-p-r-i-n-t. Do not invent any other words, names, phone numbers, emails or lorem ipsum. Keep the design otherwise clean and minimal, using white or light neutral materials so the blue logo stands out. No people, no hands, no watermark, no border or frame, no extra props competing with the product. Square 1:1 composition."
"127","brown-kraft-paper-bags","Brown Kraft Paper Bags","Packaging > Paper Bags","Professional e-commerce studio product photograph of: Brown Kraft Paper Bags. An uncoated natural kraft carry bag with flat or twisted handles — an eco-forward look for cafes and craft retail. Product category: Packaging > Paper Bags. Show the product exactly as it would be sold — complete, undistorted, in a flattering three-quarter hero angle, centered with generous empty margin around it. Background: clean seamless very light warm-grey (#F2F2F0). Lighting: soft diffused studio light with a gentle natural contact shadow. Realistic materials, print quality and paper/fabric texture. Branding: the attached image is the Outprint logo (a blue wordmark with a small coral bar under the 'O'). Print this logo faithfully on the product — on a business card, the card front; on a box, the lid or side panel; on apparel, the chest; on a sticker, the sticker face; on a bag, the front; and so on — sized and placed the way a real branded product would carry it. The only readable text anywhere in the image is the brand name 'Outprint', spelled exactly O-u-t-p-r-i-n-t. Do not invent any other words, names, phone numbers, emails or lorem ipsum. Keep the design otherwise clean and minimal, using white or light neutral materials so the blue logo stands out. No people, no hands, no watermark, no border or frame, no extra props competing with the product. Square 1:1 composition."
"128","custom-receipt-books","Custom Receipt Books","Business Prints > Invoice Books","Professional e-commerce studio product photograph of: Custom Receipt Books. A carbonless duplicate receipt book, numbered and perforated for easy tear-off, for retail and service billing. Product category: Business Prints > Invoice Books. Show the product exactly as it would be sold — complete, undistorted, in a flattering three-quarter hero angle, centered with generous empty margin around it. Background: clean seamless very light warm-grey (#F2F2F0). Lighting: soft diffused studio light with a gentle natural contact shadow. Realistic materials, print quality and paper/fabric texture. Branding: the attached image is the Outprint logo (a blue wordmark with a small coral bar under the 'O'). Print this logo faithfully on the product — on a business card, the card front; on a box, the lid or side panel; on apparel, the chest; on a sticker, the sticker face; on a bag, the front; and so on — sized and placed the way a real branded product would carry it. The only readable text anywhere in the image is the brand name 'Outprint', spelled exactly O-u-t-p-r-i-n-t. Do not invent any other words, names, phone numbers, emails or lorem ipsum. Keep the design otherwise clean and minimal, using white or light neutral materials so the blue logo stands out. No people, no hands, no watermark, no border or frame, no extra props competing with the product. Square 1:1 composition."
"129","a6-custom-ncr-bill-books","A6 Custom NCR Bill Books","Business Prints > Invoice Books","Professional e-commerce studio product photograph of: A6 Custom NCR Bill Books. A carbonless NCR bill book sized A6, numbered and bound for daily invoicing and delivery notes. Product category: Business Prints > Invoice Books. Show the product exactly as it would be sold — complete, undistorted, in a flattering three-quarter hero angle, centered with generous empty margin around it. Background: clean seamless very light warm-grey (#F2F2F0). Lighting: soft diffused studio light with a gentle natural contact shadow. Realistic materials, print quality and paper/fabric texture. Branding: the attached image is the Outprint logo (a blue wordmark with a small coral bar under the 'O'). Print this logo faithfully on the product — on a business card, the card front; on a box, the lid or side panel; on apparel, the chest; on a sticker, the sticker face; on a bag, the front; and so on — sized and placed the way a real branded product would carry it. The only readable text anywhere in the image is the brand name 'Outprint', spelled exactly O-u-t-p-r-i-n-t. Do not invent any other words, names, phone numbers, emails or lorem ipsum. Keep the design otherwise clean and minimal, using white or light neutral materials so the blue logo stands out. No people, no hands, no watermark, no border or frame, no extra props competing with the product. Square 1:1 composition."
"130","a5-custom-ncr-bill-books","A5 Custom NCR Bill Books","Business Prints > Invoice Books","Professional e-commerce studio product photograph of: A5 Custom NCR Bill Books. A carbonless NCR bill book sized A5, numbered and bound for daily invoicing and delivery notes. Product category: Business Prints > Invoice Books. Show the product exactly as it would be sold — complete, undistorted, in a flattering three-quarter hero angle, centered with generous empty margin around it. Background: clean seamless very light warm-grey (#F2F2F0). Lighting: soft diffused studio light with a gentle natural contact shadow. Realistic materials, print quality and paper/fabric texture. Branding: the attached image is the Outprint logo (a blue wordmark with a small coral bar under the 'O'). Print this logo faithfully on the product — on a business card, the card front; on a box, the lid or side panel; on apparel, the chest; on a sticker, the sticker face; on a bag, the front; and so on — sized and placed the way a real branded product would carry it. The only readable text anywhere in the image is the brand name 'Outprint', spelled exactly O-u-t-p-r-i-n-t. Do not invent any other words, names, phone numbers, emails or lorem ipsum. Keep the design otherwise clean and minimal, using white or light neutral materials so the blue logo stands out. No people, no hands, no watermark, no border or frame, no extra props competing with the product. Square 1:1 composition."
"131","a4-custom-ncr-bill-books","A4 Custom NCR Bill Books","Business Prints > Invoice Books","Professional e-commerce studio product photograph of: A4 Custom NCR Bill Books. A carbonless NCR bill book sized A4, numbered and bound for daily invoicing and delivery notes. Product category: Business Prints > Invoice Books. Show the product exactly as it would be sold — complete, undistorted, in a flattering three-quarter hero angle, centered with generous empty margin around it. Background: clean seamless very light warm-grey (#F2F2F0). Lighting: soft diffused studio light with a gentle natural contact shadow. Realistic materials, print quality and paper/fabric texture. Branding: the attached image is the Outprint logo (a blue wordmark with a small coral bar under the 'O'). Print this logo faithfully on the product — on a business card, the card front; on a box, the lid or side panel; on apparel, the chest; on a sticker, the sticker face; on a bag, the front; and so on — sized and placed the way a real branded product would carry it. The only readable text anywhere in the image is the brand name 'Outprint', spelled exactly O-u-t-p-r-i-n-t. Do not invent any other words, names, phone numbers, emails or lorem ipsum. Keep the design otherwise clean and minimal, using white or light neutral materials so the blue logo stands out. No people, no hands, no watermark, no border or frame, no extra props competing with the product. Square 1:1 composition."
"132","self-ink-stamp","Self-Ink Stamp","Business Prints > Stamps","Professional e-commerce studio product photograph of: Self-Ink Stamp. A pre-inked self-ink stamp for your logo, signature or approval mark — good for thousands of clean impressions before re-inking. Product category: Business Prints > Stamps. Show the product exactly as it would be sold — complete, undistorted, in a flattering three-quarter hero angle, centered with generous empty margin around it. Background: clean seamless very light warm-grey (#F2F2F0). Lighting: soft diffused studio light with a gentle natural contact shadow. Realistic materials, print quality and paper/fabric texture. Branding: the attached image is the Outprint logo (a blue wordmark with a small coral bar under the 'O'). Print this logo faithfully on the product — on a business card, the card front; on a box, the lid or side panel; on apparel, the chest; on a sticker, the sticker face; on a bag, the front; and so on — sized and placed the way a real branded product would carry it. The only readable text anywhere in the image is the brand name 'Outprint', spelled exactly O-u-t-p-r-i-n-t. Do not invent any other words, names, phone numbers, emails or lorem ipsum. Keep the design otherwise clean and minimal, using white or light neutral materials so the blue logo stands out. No people, no hands, no watermark, no border or frame, no extra props competing with the product. Square 1:1 composition."
"133","custom-paper-cups","Custom Paper Cups","Promo Prints > Hospitality","Professional e-commerce studio product photograph of: Custom Paper Cups. Double-wall or single-wall paper cups printed with your branding — for coffee, cold drinks or takeaway service. Product category: Promo Prints > Hospitality. Show the product exactly as it would be sold — complete, undistorted, in a flattering three-quarter hero angle, centered with generous empty margin around it. Background: clean seamless very light warm-grey (#F2F2F0). Lighting: soft diffused studio light with a gentle natural contact shadow. Realistic materials, print quality and paper/fabric texture. Branding: the attached image is the Outprint logo (a blue wordmark with a small coral bar under the 'O'). Print this logo faithfully on the product — on a business card, the card front; on a box, the lid or side panel; on apparel, the chest; on a sticker, the sticker face; on a bag, the front; and so on — sized and placed the way a real branded product would carry it. The only readable text anywhere in the image is the brand name 'Outprint', spelled exactly O-u-t-p-r-i-n-t. Do not invent any other words, names, phone numbers, emails or lorem ipsum. Keep the design otherwise clean and minimal, using white or light neutral materials so the blue logo stands out. No people, no hands, no watermark, no border or frame, no extra props competing with the product. Square 1:1 composition."
"134","ready-made-kraft-paper-bags","Ready-Made Kraft Paper Bags","Packaging > Paper Bags","Professional e-commerce studio product photograph of: Ready-Made Kraft Paper Bags. In-stock plain kraft paper bags in a choice of colors, ready for immediate dispatch — no print setup or lead time. Product category: Packaging > Paper Bags. Show the product exactly as it would be sold — complete, undistorted, in a flattering three-quarter hero angle, centered with generous empty margin around it. Background: clean seamless very light warm-grey (#F2F2F0). Lighting: soft diffused studio light with a gentle natural contact shadow. Realistic materials, print quality and paper/fabric texture. Branding: the attached image is the Outprint logo (a blue wordmark with a small coral bar under the 'O'). Print this logo faithfully on the product — on a business card, the card front; on a box, the lid or side panel; on apparel, the chest; on a sticker, the sticker face; on a bag, the front; and so on — sized and placed the way a real branded product would carry it. The only readable text anywhere in the image is the brand name 'Outprint', spelled exactly O-u-t-p-r-i-n-t. Do not invent any other words, names, phone numbers, emails or lorem ipsum. Keep the design otherwise clean and minimal, using white or light neutral materials so the blue logo stands out. No people, no hands, no watermark, no border or frame, no extra props competing with the product. Square 1:1 composition."
"135","luxury-paper-bags","Luxury Paper Bags","Packaging > Paper Bags","Professional e-commerce studio product photograph of: Luxury Paper Bags. A premium shopping bag on heavyweight laminated stock with rope handles — for boutique retail, gifting and unboxing moments. Product category: Packaging > Paper Bags. Show the product exactly as it would be sold — complete, undistorted, in a flattering three-quarter hero angle, centered with generous empty margin around it. Background: clean seamless very light warm-grey (#F2F2F0). Lighting: soft diffused studio light with a gentle natural contact shadow. Realistic materials, print quality and paper/fabric texture. Branding: the attached image is the Outprint logo (a blue wordmark with a small coral bar under the 'O'). Print this logo faithfully on the product — on a business card, the card front; on a box, the lid or side panel; on apparel, the chest; on a sticker, the sticker face; on a bag, the front; and so on — sized and placed the way a real branded product would carry it. The only readable text anywhere in the image is the brand name 'Outprint', spelled exactly O-u-t-p-r-i-n-t. Do not invent any other words, names, phone numbers, emails or lorem ipsum. Keep the design otherwise clean and minimal, using white or light neutral materials so the blue logo stands out. No people, no hands, no watermark, no border or frame, no extra props competing with the product. Square 1:1 composition."
"136","gable-lunch-box","Gable Lunch Box","","Professional e-commerce studio product photograph of: Gable Lunch Box. A fold-top carrier box with a built-in handle — ideal for lunch sets, party favors and grab-and-go meals. Show the product exactly as it would be sold — complete, undistorted, in a flattering three-quarter hero angle, centered with generous empty margin around it. Background: clean seamless very light warm-grey (#F2F2F0). Lighting: soft diffused studio light with a gentle natural contact shadow. Realistic materials, print quality and paper/fabric texture. Branding: the attached image is the Outprint logo (a blue wordmark with a small coral bar under the 'O'). Print this logo faithfully on the product — on a business card, the card front; on a box, the lid or side panel; on apparel, the chest; on a sticker, the sticker face; on a bag, the front; and so on — sized and placed the way a real branded product would carry it. The only readable text anywhere in the image is the brand name 'Outprint', spelled exactly O-u-t-p-r-i-n-t. Do not invent any other words, names, phone numbers, emails or lorem ipsum. Keep the design otherwise clean and minimal, using white or light neutral materials so the blue logo stands out. No people, no hands, no watermark, no border or frame, no extra props competing with the product. Square 1:1 composition."
"137","burger-box","Burger Box","","Professional e-commerce studio product photograph of: Burger Box. A tuck-top clamshell box sized for a stacked burger, keeping it warm and mess-free on the go. Show the product exactly as it would be sold — complete, undistorted, in a flattering three-quarter hero angle, centered with generous empty margin around it. Background: clean seamless very light warm-grey (#F2F2F0). Lighting: soft diffused studio light with a gentle natural contact shadow. Realistic materials, print quality and paper/fabric texture. Branding: the attached image is the Outprint logo (a blue wordmark with a small coral bar under the 'O'). Print this logo faithfully on the product — on a business card, the card front; on a box, the lid or side panel; on apparel, the chest; on a sticker, the sticker face; on a bag, the front; and so on — sized and placed the way a real branded product would carry it. The only readable text anywhere in the image is the brand name 'Outprint', spelled exactly O-u-t-p-r-i-n-t. Do not invent any other words, names, phone numbers, emails or lorem ipsum. Keep the design otherwise clean and minimal, using white or light neutral materials so the blue logo stands out. No people, no hands, no watermark, no border or frame, no extra props competing with the product. Square 1:1 composition."
"138","bento-meal-box","Bento Meal Box","","Professional e-commerce studio product photograph of: Bento Meal Box. A wide hinged-lid box with room for a full meal — mains, sides and sauce in one compartment-friendly tray. Show the product exactly as it would be sold — complete, undistorted, in a flattering three-quarter hero angle, centered with generous empty margin around it. Background: clean seamless very light warm-grey (#F2F2F0). Lighting: soft diffused studio light with a gentle natural contact shadow. Realistic materials, print quality and paper/fabric texture. Branding: the attached image is the Outprint logo (a blue wordmark with a small coral bar under the 'O'). Print this logo faithfully on the product — on a business card, the card front; on a box, the lid or side panel; on apparel, the chest; on a sticker, the sticker face; on a bag, the front; and so on — sized and placed the way a real branded product would carry it. The only readable text anywhere in the image is the brand name 'Outprint', spelled exactly O-u-t-p-r-i-n-t. Do not invent any other words, names, phone numbers, emails or lorem ipsum. Keep the design otherwise clean and minimal, using white or light neutral materials so the blue logo stands out. No people, no hands, no watermark, no border or frame, no extra props competing with the product. Square 1:1 composition."
"139","pillow-box","Pillow Box","","Professional e-commerce studio product photograph of: Pillow Box. A curved-edge favor box that pops open flat-packed — sized for cookies, pastries and small gifted treats. Show the product exactly as it would be sold — complete, undistorted, in a flattering three-quarter hero angle, centered with generous empty margin around it. Background: clean seamless very light warm-grey (#F2F2F0). Lighting: soft diffused studio light with a gentle natural contact shadow. Realistic materials, print quality and paper/fabric texture. Branding: the attached image is the Outprint logo (a blue wordmark with a small coral bar under the 'O'). Print this logo faithfully on the product — on a business card, the card front; on a box, the lid or side panel; on apparel, the chest; on a sticker, the sticker face; on a bag, the front; and so on — sized and placed the way a real branded product would carry it. The only readable text anywhere in the image is the brand name 'Outprint', spelled exactly O-u-t-p-r-i-n-t. Do not invent any other words, names, phone numbers, emails or lorem ipsum. Keep the design otherwise clean and minimal, using white or light neutral materials so the blue logo stands out. No people, no hands, no watermark, no border or frame, no extra props competing with the product. Square 1:1 composition."
"140","noodle-box","Noodle Box","","Professional e-commerce studio product photograph of: Noodle Box. A leak-resistant fold-top pail for noodles, rice and other saucy takeout, with a wire carry handle. Show the product exactly as it would be sold — complete, undistorted, in a flattering three-quarter hero angle, centered with generous empty margin around it. Background: clean seamless very light warm-grey (#F2F2F0). Lighting: soft diffused studio light with a gentle natural contact shadow. Realistic materials, print quality and paper/fabric texture. Branding: the attached image is the Outprint logo (a blue wordmark with a small coral bar under the 'O'). Print this logo faithfully on the product — on a business card, the card front; on a box, the lid or side panel; on apparel, the chest; on a sticker, the sticker face; on a bag, the front; and so on — sized and placed the way a real branded product would carry it. The only readable text anywhere in the image is the brand name 'Outprint', spelled exactly O-u-t-p-r-i-n-t. Do not invent any other words, names, phone numbers, emails or lorem ipsum. Keep the design otherwise clean and minimal, using white or light neutral materials so the blue logo stands out. No people, no hands, no watermark, no border or frame, no extra props competing with the product. Square 1:1 composition."
"141","french-fries-box","French Fries Box","","Professional e-commerce studio product photograph of: French Fries Box. A tapered scoop box that stands upright for fries, onion rings and other shareable sides. Show the product exactly as it would be sold — complete, undistorted, in a flattering three-quarter hero angle, centered with generous empty margin around it. Background: clean seamless very light warm-grey (#F2F2F0). Lighting: soft diffused studio light with a gentle natural contact shadow. Realistic materials, print quality and paper/fabric texture. Branding: the attached image is the Outprint logo (a blue wordmark with a small coral bar under the 'O'). Print this logo faithfully on the product — on a business card, the card front; on a box, the lid or side panel; on apparel, the chest; on a sticker, the sticker face; on a bag, the front; and so on — sized and placed the way a real branded product would carry it. The only readable text anywhere in the image is the brand name 'Outprint', spelled exactly O-u-t-p-r-i-n-t. Do not invent any other words, names, phone numbers, emails or lorem ipsum. Keep the design otherwise clean and minimal, using white or light neutral materials so the blue logo stands out. No people, no hands, no watermark, no border or frame, no extra props competing with the product. Square 1:1 composition."
"142","hotdog-box","Hotdog Box","","Professional e-commerce studio product photograph of: Hotdog Box. An open-top tray sized to cradle a dressed hot dog without crushing the bun. Show the product exactly as it would be sold — complete, undistorted, in a flattering three-quarter hero angle, centered with generous empty margin around it. Background: clean seamless very light warm-grey (#F2F2F0). Lighting: soft diffused studio light with a gentle natural contact shadow. Realistic materials, print quality and paper/fabric texture. Branding: the attached image is the Outprint logo (a blue wordmark with a small coral bar under the 'O'). Print this logo faithfully on the product — on a business card, the card front; on a box, the lid or side panel; on apparel, the chest; on a sticker, the sticker face; on a bag, the front; and so on — sized and placed the way a real branded product would carry it. The only readable text anywhere in the image is the brand name 'Outprint', spelled exactly O-u-t-p-r-i-n-t. Do not invent any other words, names, phone numbers, emails or lorem ipsum. Keep the design otherwise clean and minimal, using white or light neutral materials so the blue logo stands out. No people, no hands, no watermark, no border or frame, no extra props competing with the product. Square 1:1 composition."
"143","fried-chicken-box","Fried Chicken Box","","Professional e-commerce studio product photograph of: Fried Chicken Box. A wide-mouth bucket box built to hold a full share of fried chicken, wings or nuggets. Show the product exactly as it would be sold — complete, undistorted, in a flattering three-quarter hero angle, centered with generous empty margin around it. Background: clean seamless very light warm-grey (#F2F2F0). Lighting: soft diffused studio light with a gentle natural contact shadow. Realistic materials, print quality and paper/fabric texture. Branding: the attached image is the Outprint logo (a blue wordmark with a small coral bar under the 'O'). Print this logo faithfully on the product — on a business card, the card front; on a box, the lid or side panel; on apparel, the chest; on a sticker, the sticker face; on a bag, the front; and so on — sized and placed the way a real branded product would carry it. The only readable text anywhere in the image is the brand name 'Outprint', spelled exactly O-u-t-p-r-i-n-t. Do not invent any other words, names, phone numbers, emails or lorem ipsum. Keep the design otherwise clean and minimal, using white or light neutral materials so the blue logo stands out. No people, no hands, no watermark, no border or frame, no extra props competing with the product. Square 1:1 composition."
